ID,x_wgs,y_wgs
1,-68.87504,-32.86411
2,-68.87615,-32.86472
3,-68.87705,-32.86455
4,-68.87525,-32.86489
5,-68.87497,-32.86773
6,-68.87396,-32.86514
7,-68.87739,-32.86579
8,-68.87648,-32.86596
9,-68.8756,-32.86613
10,-68.87685,-32.86737
11,-68.87597,-32.86754
12,-68.86591,-32.8654
13,-68.86848,-32.86439
14,-68.86845,-32.86489
15,-68.87013,-32.86495
16,-68.86842,-32.86538
17,-68.86868,-32.8654
18,-68.8702,-32.86545
19,-68.86865,-32.8659
20,-68.87026,-32.86598
21,-68.87033,-32.86644
22,-68.86795,-32.86648
23,-68.86861,-32.8666
24,-68.86893,-32.86811
25,-68.8704,-32.86698
26,-68.86868,-32.86709
27,-68.86869,-32.86716
28,-68.86881,-32.86761
29,-68.86608,-32.86623
30,-68.86601,-32.86624
31,-68.86538,-32.86633
32,-68.86612,-32.86681
33,-68.86553,-32.8669
34,-68.86792,-32.86435
35,-68.8679,-32.86486
36,-68.8679,-32.86527
37,-68.8679,-32.86536
38,-68.86722,-32.86541
39,-68.86801,-32.86596
40,-68.86777,-32.86599
41,-68.86736,-32.86605
42,-68.86615,-32.86622
43,-68.86788,-32.86649
44,-68.86629,-32.86671
45,-68.86804,-32.86696
46,-68.86809,-32.86718
47,-68.86641,-32.86722
48,-68.86815,-32.86745
49,-68.86651,-32.8677
50,-68.86825,-32.86797
51,-68.85584,-32.86481
52,-68.85579,-32.86547
53,-68.85577,-32.86565
54,-68.85572,-32.86618
55,-68.85568,-32.86668
56,-68.85197,-32.86484
57,-68.85281,-32.86493
58,-68.85275,-32.86556
59,-68.8527,-32.86614
60,-68.85183,-32.86646
61,-68.85267,-32.86652
62,-68.85261,-32.86715
63,-68.85257,-32.86772
64,-68.85256,-32.86785
65,-68.85413,-32.86397
66,-68.85408,-32.86445
67,-68.85502,-32.8645
68,-68.85499,-32.86476
69,-68.85342,-32.865
70,-68.85401,-32.86507
71,-68.85493,-32.86528
72,-68.85396,-32.86552
73,-68.85491,-32.8656
74,-68.8549,-32.86563
75,-68.85395,-32.86563
76,-68.85393,-32.86585
77,-68.85488,-32.86594
78,-68.85486,-32.86613
79,-68.8539,-32.86618
80,-68.85388,-32.86621
81,-68.85485,-32.86627
82,-68.85385,-32.86659
83,-68.8548,-32.86664
84,-68.85378,-32.86723
85,-68.85372,-32.86779
86,-68.83381,-32.86361
87,-68.83517,-32.86369
88,-68.83407,-32.86469
89,-68.83269,-32.8622
90,-68.83259,-32.86282
91,-68.83253,-32.8633
92,-68.8325,-32.86353
93,-68.83246,-32.86396
94,-68.83246,-32.86398
95,-68.8326,-32.86461
96,-68.83265,-32.8622
97,-68.8335,-32.86225
98,-68.83422,-32.86231
99,-68.83485,-32.86235
100,-68.82741,-32.86945
101,-68.82745,-32.87009
102,-68.82696,-32.87011
103,-68.82751,-32.87114
104,-68.82756,-32.87203
105,-68.82588,-32.87115
106,-68.82457,-32.87119
107,-68.82597,-32.8721
108,-68.82467,-32.87212
109,-68.82608,-32.87324
110,-68.82437,-32.86947
111,-68.82568,-32.86945
112,-68.82578,-32.87013
113,-68.82445,-32.87016
114,-68.82317,-32.87122
115,-68.86709,-32.86906
116,-68.86709,-32.86907
117,-68.86913,-32.86915
118,-68.8677,-32.86918
119,-68.86828,-32.8693
120,-68.86855,-32.86935
121,-68.86922,-32.86963
122,-68.86815,-32.86974
123,-68.86871,-32.86986
124,-68.86926,-32.86997
125,-68.86989,-32.8701
126,-68.8673,-32.87054
127,-68.86786,-32.87072
128,-68.86842,-32.87089
129,-68.86771,-32.87121
130,-68.86672,-32.87036
131,-68.86641,-32.86831
132,-68.8665,-32.86873
133,-68.86531,-32.86871
134,-68.86581,-32.86832
135,-68.86582,-32.86837
136,-68.86651,-32.86891
137,-68.8665,-32.86893
138,-68.86649,-32.86895
139,-68.86609,-32.87016
140,-68.86902,-32.86861
141,-68.86837,-32.86849
142,-68.86673,-32.8687
143,-68.86663,-32.86822
144,-68.86657,-32.86872
145,-68.84516,-32.87136
146,-68.84828,-32.87187
147,-68.8472,-32.87281
148,-68.847,-32.87209
149,-68.84847,-32.87258
150,-68.84954,-32.87163
151,-68.84744,-32.86869
152,-68.848,-32.87082
153,-68.8462,-32.86898
154,-68.849,-32.86958
155,-68.84774,-32.86982
156,-68.84648,-32.87006
157,-68.84512,-32.87032
158,-68.84926,-32.87058
159,-68.84674,-32.87105
160,-68.84538,-32.87131
161,-68.84744,-32.86863
162,-68.84823,-32.86867
163,-68.83742,-32.86761
164,-68.83766,-32.86863
165,-68.8389,-32.86846
166,-68.83903,-32.86845
167,-68.83639,-32.8688
168,-68.83513,-32.86897
169,-68.83531,-32.86976
170,-68.83663,-32.86981
171,-68.8368,-32.87045
172,-68.83725,-32.86697
173,-68.83873,-32.86729
174,-68.83863,-32.86731
175,-68.8374,-32.86755
176,-68.83812,-32.87056
177,-68.83945,-32.87067
178,-68.8396,-32.86837
179,-68.83961,-32.86864
180,-68.83956,-32.8679
181,-68.83969,-32.86993
182,-68.83614,-32.86779
183,-68.83795,-32.86987
184,-68.83925,-32.86992
185,-68.8394,-32.86993
186,-68.82924,-32.87302
187,-68.82764,-32.87315
188,-68.82928,-32.87411
189,-68.8277,-32.87423
190,-68.82534,-32.87432
191,-68.8262,-32.87434
192,-68.82934,-32.87542
193,-68.8278,-32.87547
194,-68.82635,-32.87552
195,-68.86857,-32.87454
196,-68.86899,-32.87107
197,-68.86762,-32.87221
198,-68.86835,-32.87246
199,-68.869,-32.87267
200,-68.86581,-32.87122
201,-68.86755,-32.87176
202,-68.86827,-32.87138
203,-68.8681,-32.87194
204,-68.86979,-32.8725
205,-68.8698,-32.8725
206,-68.86906,-32.87325
207,-68.86633,-32.87181
208,-68.86655,-32.87283
209,-68.86656,-32.8729
210,-68.86721,-32.87307
211,-68.86813,-32.87333
212,-68.86844,-32.87338
213,-68.86814,-32.87339
214,-68.86916,-32.87444
215,-68.85814,-32.87353
216,-68.85774,-32.8736
217,-68.85761,-32.87298
218,-68.85759,-32.87362
219,-68.85876,-32.87342
220,-68.85867,-32.87286
221,-68.85949,-32.87214
222,-68.85945,-32.87228
223,-68.85859,-32.87239
224,-68.85702,-32.87372
225,-68.85729,-32.87472
226,-68.85758,-32.87575
227,-68.85201,-32.87194
228,-68.85272,-32.87181
229,-68.85335,-32.8717
230,-68.85423,-32.87229
231,-68.85302,-32.87251
232,-68.85232,-32.87265
233,-68.85226,-32.87266
234,-68.8508,-32.87292
235,-68.8499,-32.87309
236,-68.85131,-32.87207
237,-68.85128,-32.87207
238,-68.85061,-32.87219
239,-68.85156,-32.87278
240,-68.84991,-32.87309
241,-68.8501,-32.87386
242,-68.85039,-32.87492
243,-68.85186,-32.87354
244,-68.85262,-32.8734
245,-68.851,-32.87369
246,-68.85335,-32.87327
247,-68.85364,-32.87433
248,-68.8529,-32.87447
249,-68.85214,-32.8746
250,-68.85124,-32.87476
251,-68.85241,-32.87566
252,-68.85438,-32.87308
253,-68.84299,-32.87625
254,-68.84317,-32.8775
255,-68.84267,-32.87755
256,-68.84239,-32.87757
257,-68.84212,-32.87758
258,-68.84187,-32.87761
259,-68.84142,-32.87766
260,-68.84488,-32.87597
261,-68.84424,-32.87826
262,-68.84293,-32.87852
263,-68.84217,-32.87867
264,-68.84173,-32.87876
265,-68.84122,-32.87767
266,-68.84153,-32.87878
267,-68.84478,-32.87591
268,-68.84511,-32.87681
269,-68.84508,-32.87683
270,-68.84401,-32.87739
271,-68.83851,-32.87701
272,-68.83856,-32.87719
273,-68.8389,-32.87842
274,-68.8376,-32.87849
275,-68.84054,-32.87975
276,-68.84057,-32.87974
277,-68.90507,-32.88749
278,-68.90505,-32.88749
279,-68.90491,-32.88757
280,-68.90479,-32.8876
281,-68.90162,-32.8879
282,-68.90253,-32.88791
283,-68.9042,-32.88776
284,-68.9045,-32.8877
285,-68.90517,-32.88639
286,-68.90211,-32.88637
287,-68.90154,-32.88618
288,-68.90324,-32.88675
289,-68.90306,-32.88668
290,-68.9041,-32.8871
291,-68.90474,-32.88736
292,-68.90156,-32.88758
293,-68.90366,-32.88875
294,-68.90351,-32.88932
295,-68.90135,-32.88899
296,-68.87175,-32.87539
297,-68.87286,-32.87648
298,-68.87252,-32.87564
299,-68.87301,-32.87693
300,-68.87307,-32.8771
301,-68.87301,-32.87695
302,-68.87235,-32.87711
303,-68.87165,-32.87731
304,-68.87315,-32.87734
305,-68.87249,-32.8775
306,-68.87099,-32.87754
307,-68.87178,-32.87767
308,-68.87166,-32.87735
309,-68.87329,-32.87769
310,-68.87108,-32.87787
311,-68.87114,-32.87804
312,-68.87388,-32.87928
313,-68.85302,-32.88506
314,-68.85323,-32.8858
315,-68.85766,-32.88496
316,-68.85649,-32.88518
317,-68.85616,-32.88525
318,-68.85793,-32.88602
319,-68.85678,-32.88625
320,-68.85524,-32.88654
321,-68.85488,-32.88515
322,-68.85496,-32.88547
323,-68.8561,-32.88369
324,-68.85452,-32.88376
325,-68.84348,-32.88535
326,-68.84438,-32.88401
327,-68.84318,-32.88423
328,-68.84026,-32.88362
329,-68.84376,-32.88163
330,-68.84253,-32.88174
331,-68.84327,-32.88539
332,-68.84535,-32.88267
333,-68.84409,-32.88291
334,-68.84288,-32.88313
335,-68.84269,-32.88318
336,-68.8415,-32.88339
337,-68.84299,-32.88427
338,-68.8418,-32.88449
339,-68.84233,-32.88176
340,-68.84112,-32.88188
341,-68.83685,-32.88089
342,-68.83656,-32.8809
343,-68.83656,-32.88092
344,-68.83901,-32.88386
345,-68.83957,-32.88093
346,-68.83897,-32.88099
347,-68.83828,-32.88105
348,-68.83984,-32.88199
349,-68.83926,-32.88204
350,-68.83856,-32.88212
351,-68.83753,-32.8835
352,-68.83684,-32.88353
353,-68.83666,-32.88354
354,-68.83768,-32.8841
355,-68.83712,-32.88312
356,-68.83692,-32.88118
357,-68.83721,-32.88225
358,-68.83691,-32.88227
359,-68.86238,-32.89226
360,-68.86209,-32.89091
361,-68.86025,-32.89016
362,-68.85895,-32.89039
363,-68.85792,-32.89059
364,-68.85811,-32.89133
365,-68.86034,-32.89124
366,-68.85928,-32.89144
367,-68.85895,-32.89145
368,-68.85895,-32.89151
369,-68.85819,-32.89164
370,-68.86015,-32.88905
371,-68.85897,-32.88927
372,-68.86035,-32.89255
373,-68.86039,-32.89135
374,-68.85895,-32.89247
375,-68.85895,-32.89268
376,-68.85764,-32.88952
377,-68.85638,-32.89087
378,-68.85644,-32.89108
379,-68.85666,-32.89194
380,-68.85661,-32.89194
381,-68.85444,-32.89122
382,-68.85277,-32.89154
383,-68.85472,-32.8923
384,-68.85306,-32.89261
385,-68.8532,-32.89339
386,-68.85504,-32.89341
387,-68.85324,-32.89373
388,-68.8553,-32.89446
389,-68.85695,-32.89305
390,-68.84805,-32.88787
391,-68.8468,-32.8881
392,-68.84554,-32.88835
393,-68.84833,-32.88897
394,-68.84709,-32.88922
395,-68.84956,-32.88872
396,-68.84862,-32.89008
397,-68.84956,-32.88876
398,-68.84584,-32.88946
399,-68.84613,-32.89054
400,-68.84737,-32.89031
401,-68.84764,-32.89136
402,-68.84238,-32.88668
403,-68.84114,-32.88692
404,-68.84267,-32.88773
405,-68.84143,-32.88797
406,-68.8414,-32.88798
407,-68.83985,-32.88715
408,-68.84012,-32.88821
409,-68.84405,-32.88749
410,-68.84386,-32.88752
411,-68.84384,-32.88752
412,-68.84271,-32.88792
413,-68.84411,-32.88861
414,-68.84295,-32.88883
415,-68.84167,-32.88907
416,-68.84046,-32.8893
417,-68.84195,-32.89014
418,-68.8438,-32.88642
419,-68.84376,-32.88643
420,-68.8421,-32.8856
421,-68.84086,-32.88583
422,-68.83957,-32.88607
423,-68.84356,-32.88647
424,-68.83883,-32.88848
425,-68.83826,-32.88631
426,-68.83855,-32.88739
427,-68.83858,-32.88739
428,-68.83911,-32.88955
429,-68.83937,-32.89057
430,-68.83681,-32.88743
431,-68.83691,-32.88857
432,-68.83911,-32.88953
433,-68.83699,-32.8897
434,-68.84435,-32.88857
435,-68.84224,-32.89125
436,-68.84322,-32.88989
437,-68.84491,-32.89076
438,-68.84469,-32.89081
439,-68.84351,-32.89102
440,-68.84073,-32.89038
441,-68.85161,-32.89586
442,-68.85168,-32.89609
443,-68.85147,-32.89593
444,-68.85146,-32.89595
445,-68.85354,-32.8959
446,-68.85468,-32.89606
447,-68.85451,-32.89606
448,-68.85365,-32.89673
449,-68.85549,-32.89693
450,-68.85386,-32.89827
451,-68.85404,-32.89939
452,-68.85175,-32.89586
453,-68.85192,-32.89603
454,-68.85183,-32.89622
455,-68.85274,-32.89945
456,-68.85173,-32.89625
457,-68.85217,-32.89787
458,-68.85257,-32.89937
459,-68.85121,-32.8979
460,-68.85065,-32.8979
461,-68.85143,-32.89611
462,-68.85158,-32.89625
463,-68.85243,-32.89939
464,-68.8527,-32.89945
465,-68.85456,-32.89663
466,-68.85459,-32.89694
467,-68.8547,-32.89824
468,-68.84226,-32.89638
469,-68.84092,-32.89645
470,-68.84095,-32.89651
471,-68.83984,-32.89652
472,-68.84304,-32.89941
473,-68.84306,-32.8995
474,-68.84341,-32.8995
475,-68.84227,-32.89651
476,-68.84257,-32.89765
477,-68.84266,-32.89799
478,-68.84386,-32.89824
479,-68.84298,-32.89923
480,-68.83999,-32.89935
481,-68.84169,-32.89936
482,-68.84044,-32.9003
483,-68.84098,-32.89664
484,-68.84131,-32.8979
485,-68.84139,-32.89822
486,-68.84166,-32.89922
487,-68.83993,-32.89923
488,-68.83997,-32.8993
489,-68.83864,-32.89727
490,-68.83906,-32.90056
491,-68.83702,-32.89769
492,-68.83728,-32.8987
493,-68.83639,-32.89887
494,-68.8375,-32.8996
495,-68.83876,-32.89945
496,-68.84737,-32.89958
497,-68.8474,-32.89958
498,-68.84814,-32.8996
499,-68.84779,-32.89963
500,-68.85019,-32.89966
501,-68.8492,-32.89968
502,-68.84852,-32.89971
503,-68.84779,-32.89975
504,-68.84709,-32.89976
505,-68.8482,-32.89922
506,-68.85087,-32.89995
507,-68.85091,-32.90027
508,-68.85094,-32.9006
509,-68.85143,-32.90061
510,-68.85097,-32.90093
511,-68.85152,-32.90126
512,-68.85102,-32.90129
513,-68.85056,-32.90133
514,-68.85114,-32.9024
515,-68.84641,-32.90053
516,-68.84714,-32.90058
517,-68.84647,-32.90163
518,-68.84649,-32.90197
519,-68.84722,-32.9024
520,-68.85016,-32.9
521,-68.85014,-32.90033
522,-68.85012,-32.90065
523,-68.84781,-32.90072
524,-68.8501,-32.90098
525,-68.84855,-32.901
526,-68.85008,-32.90135
527,-68.84931,-32.90142
528,-68.84923,-32.90142
529,-68.8486,-32.9019
530,-68.84788,-32.90221
531,-68.8502,-32.90245
532,-68.85029,-32.90321
533,-68.84938,-32.9033
534,-68.84869,-32.90338
535,-68.84851,-32.9034
536,-68.85156,-32.89954
537,-68.85155,-32.89935
538,-68.85155,-32.89943
539,-68.85309,-32.90233
540,-68.85123,-32.89971
541,-68.85165,-32.90061
542,-68.85171,-32.90115
543,-68.85176,-32.90168
544,-68.85182,-32.90221
545,-68.85184,-32.90237
546,-68.85179,-32.90237
547,-68.8517,-32.90238
548,-68.85162,-32.90238
549,-68.85184,-32.90239
550,-68.85267,-32.90061
551,-68.85275,-32.90111
552,-68.85281,-32.90167
553,-68.85283,-32.90221
554,-68.85285,-32.90236
555,-68.85283,-32.90237
556,-68.85285,-32.9025
557,-68.85283,-32.9025
558,-68.85186,-32.90275
559,-68.85186,-32.9027
560,-68.85187,-32.90279
561,-68.85184,-32.9027
562,-68.85178,-32.90307
563,-68.85189,-32.90305
564,-68.85189,-32.90306
565,-68.85185,-32.90258
566,-68.85285,-32.90258
567,-68.85283,-32.90258
568,-68.85191,-32.90304
569,-68.85285,-32.9027
570,-68.85418,-32.9005
571,-68.85421,-32.90075
572,-68.85429,-32.90167
573,-68.85432,-32.90189
574,-68.85432,-32.90219
575,-68.85307,-32.90074
576,-68.85321,-32.90191
577,-68.85326,-32.9023
578,-68.85578,-32.90047
579,-68.85588,-32.90164
580,-68.85588,-32.90203
581,-68.84486,-32.89626
582,-68.84359,-32.89632
583,-68.84405,-32.89952
584,-68.84406,-32.89952
585,-68.84577,-32.89954
586,-68.84454,-32.89962
587,-68.84441,-32.89964
588,-68.84445,-32.89972
589,-68.84638,-32.89976
590,-68.84462,-32.90035
591,-68.8451,-32.89708
592,-68.8452,-32.89818
593,-68.8449,-32.89636
594,-68.84628,-32.89634
595,-68.8436,-32.89644
596,-68.84367,-32.89713
597,-68.84416,-32.89824
598,-68.84414,-32.89824
599,-68.84434,-32.89916
600,-68.84409,-32.8992
601,-68.84407,-32.8992
602,-68.84457,-32.89921
603,-68.84014,-32.86785
604,-68.84142,-32.86777
605,-68.84033,-32.86858
606,-68.84162,-32.86848
607,-68.83434,-32.86579
608,-68.8357,-32.86595
609,-68.83973,-32.87068
610,-68.83974,-32.87069
611,-68.8409,-32.87066
612,-68.84067,-32.86985
613,-68.8422,-32.87061
614,-68.84197,-32.86976
615,-68.83491,-32.868
616,-68.83353,-32.86824
617,-68.83462,-32.86687
618,-68.83593,-32.86693
619,-68.83449,-32.86638
620,-68.84397,-32.87163
621,-68.84543,-32.8724
622,-68.84355,-32.87275
623,-68.84119,-32.87179
624,-68.84006,-32.87333
625,-68.8399,-32.87275
626,-68.84417,-32.87297
627,-68.83974,-32.87207
628,-68.84419,-32.8731
629,-68.84297,-32.86246
630,-68.84394,-32.86251
631,-68.84175,-32.86242
632,-68.84162,-32.86242
633,-68.84354,-32.87287
634,-68.84383,-32.87327
635,-68.84149,-32.87288
636,-68.84411,-32.87267
637,-68.85664,-32.87184
638,-68.85601,-32.87196
639,-68.85653,-32.87113
640,-68.85721,-32.87118
641,-68.85586,-32.87124
642,-68.84217,-32.86242
643,-68.85733,-32.87171
644,-68.85671,-32.87183
645,-68.85513,-32.87213
646,-68.85411,-32.87156
647,-68.85496,-32.87141
648,-68.85787,-32.86359
649,-68.85846,-32.86414
650,-68.85847,-32.86471
651,-68.85833,-32.86683
652,-68.85838,-32.86632
653,-68.85696,-32.86675
654,-68.85621,-32.86912
655,-68.85688,-32.86915
656,-68.85851,-32.86582
657,-68.85702,-32.86625
658,-68.85706,-32.86576
659,-68.85849,-32.86528
660,-68.84566,-32.87234
661,-68.84738,-32.87356
662,-68.84739,-32.87355
663,-68.84585,-32.87305
664,-68.84865,-32.87332
665,-68.85758,-32.86919
666,-68.85045,-32.87147
667,-68.84605,-32.8738
668,-68.84592,-32.87382
669,-68.84867,-32.87332
670,-68.84973,-32.87235
671,-68.84762,-32.86621
672,-68.84841,-32.86626
673,-68.84896,-32.86629
674,-68.8495,-32.86632
675,-68.84683,-32.86617
676,-68.84703,-32.86617
677,-68.84955,-32.86581
678,-68.84636,-32.86615
679,-68.84875,-32.86525
680,-68.84959,-32.86533
681,-68.85359,-32.86333
682,-68.8542,-32.86336
683,-68.85512,-32.86342
684,-68.85596,-32.86346
685,-68.85029,-32.86637
686,-68.85106,-32.86641
687,-68.85101,-32.86641
688,-68.84868,-32.86348
689,-68.84553,-32.86337
690,-68.84701,-32.86388
691,-68.84701,-32.86342
692,-68.8466,-32.8644
693,-68.84704,-32.86443
694,-68.84715,-32.86269
695,-68.84755,-32.86344
696,-68.84809,-32.86345
697,-68.84579,-32.86338
698,-68.84638,-32.8634
699,-68.84911,-32.86458
700,-68.84965,-32.86463
701,-68.85044,-32.86469
702,-68.84837,-32.86453
703,-68.84861,-32.86454
704,-68.84889,-32.86457
705,-68.84761,-32.86446
706,-68.84803,-32.8645
707,-68.85652,-32.86404
708,-68.85657,-32.86461
709,-68.85591,-32.86408
710,-68.85121,-32.86476
711,-68.85646,-32.8635
712,-68.85295,-32.87772
713,-68.85445,-32.87745
714,-68.85418,-32.87639
715,-68.85267,-32.87668
716,-68.85343,-32.87653
717,-68.8539,-32.87536
718,-68.85316,-32.87551
719,-68.85532,-32.87291
720,-68.85587,-32.87499
721,-68.85489,-32.87517
722,-68.85465,-32.87415
723,-68.8556,-32.87398
724,-68.85545,-32.87344
725,-68.85565,-32.88195
726,-68.85411,-32.88223
727,-68.8524,-32.88256
728,-68.85643,-32.87707
729,-68.85521,-32.88026
730,-68.85362,-32.88028
731,-68.85614,-32.87602
732,-68.85519,-32.8762
733,-68.85383,-32.88112
734,-68.85212,-32.88146
735,-68.85683,-32.87263
736,-68.85655,-32.87381
737,-68.85536,-32.88084
738,-68.85234,-32.88257
739,-68.85669,-32.8743
740,-68.8562,-32.87275
741,-68.8563,-32.8733
742,-68.85609,-32.8739
743,-68.85638,-32.87384
744,-68.85625,-32.87439
745,-68.8588,-32.88474
746,-68.85785,-32.87681
747,-68.86077,-32.88436
748,-68.85707,-32.88735
749,-68.85899,-32.887
750,-68.85891,-32.88585
751,-68.86121,-32.88657
752,-68.86074,-32.88423
753,-68.86099,-32.88544
754,-68.86122,-32.88657
755,-68.8942,-32.89919
756,-68.8969,-32.89739
757,-68.89436,-32.89933
758,-68.90004,-32.89424
759,-68.89817,-32.88852
760,-68.89848,-32.8872
761,-68.89374,-32.89889
762,-68.89412,-32.8991
763,-68.89404,-32.89817
764,-68.89413,-32.89911
765,-68.89417,-32.89914
766,-68.89882,-32.88863
767,-68.89856,-32.88982
768,-68.89793,-32.88965
769,-68.90022,-32.88771
770,-68.89908,-32.88736
771,-68.89965,-32.88753
772,-68.89405,-32.89816
773,-68.89643,-32.89754
774,-68.89999,-32.88881
775,-68.8994,-32.88872
776,-68.89974,-32.89005
777,-68.89972,-32.89307
778,-68.87767,-32.89067
779,-68.87569,-32.88645
780,-68.89056,-32.88867
781,-68.89442,-32.89059
782,-68.88466,-32.89062
783,-68.88421,-32.89092
784,-68.88543,-32.89093
785,-68.88506,-32.88961
786,-68.89607,-32.89038
787,-68.89489,-32.88889
788,-68.89606,-32.89039
789,-68.89595,-32.89046
790,-68.89533,-32.89035
791,-68.88952,-32.88444
792,-68.89102,-32.88803
793,-68.89056,-32.88869
794,-68.88468,-32.88857
795,-68.89212,-32.88948
796,-68.89347,-32.89861
797,-68.88636,-32.8833
798,-68.87413,-32.8842
799,-68.87327,-32.88455
800,-68.88516,-32.89161
801,-68.88509,-32.89172
802,-68.8881,-32.89146
803,-68.88799,-32.89173
804,-68.87665,-32.89174
805,-68.87759,-32.89118
806,-68.89203,-32.89142
807,-68.89409,-32.89177
808,-68.88421,-32.89155
809,-68.88353,-32.89143
810,-68.88419,-32.89093
811,-68.88537,-32.89114
812,-68.89066,-32.89147
813,-68.88812,-32.89138
814,-68.89036,-32.89204
815,-68.89191,-32.89191
816,-68.88452,-32.89179
817,-68.88473,-32.89231
818,-68.89396,-32.89249
819,-68.8941,-32.8918
820,-68.89394,-32.89253
821,-68.88461,-32.89259
822,-68.89236,-32.89179
823,-68.87747,-32.89191
824,-68.87668,-32.892
825,-68.8845,-32.89178
826,-68.89084,-32.89181
827,-68.87502,-32.89201
828,-68.89201,-32.89169
829,-68.89316,-32.89885
830,-68.88693,-32.89831
831,-68.87848,-32.89872
832,-68.87931,-32.89925
833,-68.88288,-32.89951
834,-68.88674,-32.89839
835,-68.87688,-32.89977
836,-68.8768,-32.8995
837,-68.87434,-32.89287
838,-68.87677,-32.89277
839,-68.88429,-32.89309
840,-68.88428,-32.8931
841,-68.88427,-32.89311
842,-68.89599,-32.89263
843,-68.87679,-32.89277
844,-68.87732,-32.89274
845,-68.893,-32.8928
846,-68.89273,-32.89276
847,-68.90044,-32.88752
848,-68.90621,-32.88676
849,-68.88193,-32.87591
850,-68.88187,-32.87595
851,-68.87696,-32.9
852,-68.90777,-32.88527
853,-68.88199,-32.87917
854,-68.88277,-32.88193
855,-68.88564,-32.88249
856,-68.88121,-32.88235
857,-68.88159,-32.88219
858,-68.88374,-32.88434
859,-68.88471,-32.88515
860,-68.88628,-32.88343
861,-68.88329,-32.88257
862,-68.91014,-32.89197
863,-68.91033,-32.89138
864,-68.91044,-32.89086
865,-68.91521,-32.89244
866,-68.90942,-32.89054
867,-68.90936,-32.89052
868,-68.9064,-32.8896
869,-68.91485,-32.89232
870,-68.91452,-32.89221
871,-68.91403,-32.89204
872,-68.91283,-32.89164
873,-68.91227,-32.89146
874,-68.90594,-32.88667
875,-68.89926,-32.88685
876,-68.89985,-32.88561
877,-68.90094,-32.88598
878,-68.9038,-32.88531
879,-68.90486,-32.88571
880,-68.90586,-32.88704
881,-68.90439,-32.89034
882,-68.90629,-32.89096
883,-68.90485,-32.89112
884,-68.90496,-32.8913
885,-68.90042,-32.89319
886,-68.90599,-32.89281
887,-68.90022,-32.89423
888,-68.90059,-32.8924
889,-68.91331,-32.89291
890,-68.90628,-32.89026
891,-68.90409,-32.88995
892,-68.90453,-32.89061
893,-68.91321,-32.89242
894,-68.91397,-32.89334
895,-68.91336,-32.89334
896,-68.91395,-32.89201
897,-68.91393,-32.89252
898,-68.90958,-32.89113
899,-68.91381,-32.89472
900,-68.9135,-32.89472
901,-68.86248,-32.89558
902,-68.86181,-32.89562
903,-68.86073,-32.89569
904,-68.89994,-32.89227
905,-68.90038,-32.89014
906,-68.90816,-32.88907
907,-68.90584,-32.88805
908,-68.86257,-32.89685
909,-68.862,-32.89686
910,-68.86085,-32.89688
911,-68.90229,-32.89143
912,-68.90216,-32.89042
913,-68.9023,-32.89101
914,-68.90154,-32.89142
915,-68.90123,-32.88957
916,-68.90109,-32.89022
917,-68.90177,-32.89036
918,-68.90222,-32.89013
919,-68.86323,-32.89684
920,-68.86143,-32.88767
921,-68.86374,-32.89928
922,-68.86347,-32.89802
923,-68.86361,-32.89868
924,-68.86281,-32.89803
925,-68.85735,-32.88844
926,-68.85898,-32.88813
927,-68.86165,-32.88877
928,-68.9149,-32.88608
929,-68.91339,-32.88567
930,-68.91169,-32.88539
931,-68.91255,-32.88555
932,-68.91387,-32.88577
933,-68.91479,-32.88645
934,-68.91319,-32.88615
935,-68.91245,-32.88594
936,-68.9163,-32.88673
937,-68.91149,-32.88586
938,-68.9137,-32.88626
939,-68.91359,-32.88623
940,-68.91355,-32.88623
941,-68.91142,-32.88586
942,-68.91131,-32.88632
943,-68.91228,-32.88828
944,-68.91587,-32.88916
945,-68.91489,-32.89047
946,-68.91196,-32.88983
947,-68.91318,-32.89007
948,-68.91254,-32.88995
949,-68.9143,-32.89034
950,-68.91284,-32.88842
951,-68.91404,-32.88871
952,-68.86332,-32.90038
953,-68.86327,-32.90038
954,-68.91541,-32.88905
955,-68.86287,-32.89929
956,-68.86049,-32.89351
957,-68.86041,-32.89351
958,-68.9123,-32.88792
959,-68.91253,-32.88679
960,-68.91125,-32.88668
961,-68.9112,-32.88679
962,-68.91176,-32.88744
963,-68.91167,-32.88812
964,-68.91503,-32.88865
965,-68.91565,-32.88767
966,-68.91554,-32.88821
967,-68.91575,-32.88712
968,-68.91513,-32.88814
969,-68.91397,-32.88793
970,-68.91388,-32.88842
971,-68.91465,-32.88694
972,-68.91323,-32.88741
973,-68.9113,-32.88802
974,-68.90825,-32.88908
975,-68.91015,-32.88945
976,-68.9104,-32.88818
977,-68.90974,-32.88803
978,-68.90936,-32.88794
979,-68.91102,-32.88833
980,-68.90858,-32.88779
981,-68.90881,-32.88781
982,-68.90959,-32.88936
983,-68.90883,-32.88918
984,-68.90829,-32.88909
985,-68.86162,-32.89441
986,-68.86061,-32.89459
987,-68.91071,-32.88961
988,-68.86033,-32.89464
989,-68.83824,-32.892
990,-68.83718,-32.89292
991,-68.83817,-32.89309
992,-68.86473,-32.90163
993,-68.83776,-32.89551
994,-68.86377,-32.90217
995,-68.8641,-32.90153
996,-68.86555,-32.90128
997,-68.86527,-32.90135
998,-68.8647,-32.90123
999,-68.86432,-32.90152
1000,-68.83685,-32.89484
1001,-68.83765,-32.89491
1002,-68.83752,-32.89425
1003,-68.83683,-32.89504
1004,-68.83746,-32.89388
1005,-68.83843,-32.89423
1006,-68.83818,-32.8931
1007,-68.83736,-32.89335
1008,-68.83996,-32.89278
1009,-68.84023,-32.89387
1010,-68.84032,-32.89419
1011,-68.83968,-32.89172
1012,-68.8394,-32.89063
1013,-68.8289,-32.88623
1014,-68.82947,-32.88776
1015,-68.84101,-32.89148
1016,-68.83152,-32.8901
1017,-68.8328,-32.89002
1018,-68.83055,-32.89016
1019,-68.83435,-32.8899
1020,-68.83565,-32.89105
1021,-68.8356,-32.8898
1022,-68.83834,-32.89082
1023,-68.83084,-32.89134
1024,-68.83159,-32.89129
1025,-68.83445,-32.89112
1026,-68.83285,-32.89121
1027,-68.83142,-32.8888
1028,-68.83022,-32.88885
1029,-68.83275,-32.88873
1030,-68.8298,-32.88887
1031,-68.83139,-32.88768
1032,-68.8327,-32.88762
1033,-68.83001,-32.88774
1034,-68.84185,-32.89473
1035,-68.84265,-32.89458
1036,-68.84308,-32.8945
1037,-68.84054,-32.89498
1038,-68.84156,-32.89362
1039,-68.84278,-32.89338
1040,-68.83163,-32.89275
1041,-68.83455,-32.89273
1042,-68.83295,-32.89283
1043,-68.83251,-32.89284
1044,-68.83211,-32.89285
1045,-68.8348,-32.89606
1046,-68.83425,-32.88867
1047,-68.83416,-32.88756
1048,-68.83469,-32.89491
1049,-68.83293,-32.89518
1050,-68.83229,-32.89424
1051,-68.83299,-32.89412
1052,-68.83294,-32.89522
1053,-68.83463,-32.89382
1054,-68.8355,-32.88749
1055,-68.83554,-32.88862
1056,-68.83054,-32.89144
1057,-68.83304,-32.89551
1058,-68.83473,-32.89578
1059,-68.83471,-32.89537
1060,-68.83018,-32.89018
1061,-68.83948,-32.89519
1062,-68.83359,-32.89628
1063,-68.83422,-32.89725
1064,-68.83545,-32.89913
1065,-68.82852,-32.88513
1066,-68.83578,-32.89292
1067,-68.83609,-32.89414
1068,-68.83709,-32.89096
1069,-68.83653,-32.89574
1070,-68.8311,-32.89331
1071,-68.83589,-32.89978
1072,-68.83091,-32.8927
1073,-68.8355,-32.89525
1074,-68.83506,-32.89532
1075,-68.84915,-32.89217
1076,-68.84792,-32.89241
1077,-68.83519,-32.8943
1078,-68.83512,-32.89482
1079,-68.83633,-32.89512
1080,-68.83536,-32.89286
1081,-68.83526,-32.89372
1082,-68.85054,-32.89193
1083,-68.85084,-32.89302
1084,-68.85071,-32.89304
1085,-68.85041,-32.89194
1086,-68.85015,-32.89092
1087,-68.84733,-32.89369
1088,-68.85257,-32.88818
1089,-68.85118,-32.88845
1090,-68.8505,-32.88858
1091,-68.85228,-32.8871
1092,-68.85105,-32.88733
1093,-68.84977,-32.88872
1094,-68.84948,-32.88764
1095,-68.84938,-32.88766
1096,-68.84966,-32.88874
1097,-68.84928,-32.88764
1098,-68.84928,-32.88767
1099,-68.85553,-32.88764
1100,-68.85381,-32.88796
1101,-68.85352,-32.88687
1102,-68.85125,-32.88928
1103,-68.85128,-32.88959
1104,-68.85286,-32.88929
1105,-68.8561,-32.88981
1106,-68.85581,-32.88873
1107,-68.8541,-32.88905
1108,-68.85069,-32.88936
1109,-68.8514,-32.89069
1110,-68.85417,-32.89017
1111,-68.8525,-32.89048
1112,-68.84995,-32.88942
1113,-68.85017,-32.89019
1114,-68.85314,-32.89037
1115,-68.85131,-32.88991
1116,-68.85437,-32.89013
1117,-68.8516,-32.88389
1118,-68.85269,-32.88384
1119,-68.85037,-32.89088
1120,-68.85025,-32.8909
1121,-68.85014,-32.8909
1122,-68.84986,-32.88985
1123,-68.84888,-32.89114
1124,-68.85067,-32.89192
1125,-68.85131,-32.89181
1126,-68.84251,-32.89231
1127,-68.85098,-32.893
1128,-68.85113,-32.89297
1129,-68.84128,-32.89254
1130,-68.84519,-32.89182
1131,-68.8464,-32.89159
1132,-68.84497,-32.89186
1133,-68.84379,-32.89208
1134,-68.84288,-32.89635
1135,-68.84203,-32.89546
1136,-68.84274,-32.89499
1137,-68.84191,-32.89499
1138,-68.84434,-32.89426
1139,-68.84945,-32.89328
1140,-68.84824,-32.89352
1141,-68.84712,-32.89616
1142,-68.84624,-32.89619
1143,-68.84763,-32.89507
1144,-68.84719,-32.89513
1145,-68.84785,-32.89612
1146,-68.84565,-32.89401
1147,-68.84559,-32.89402
1148,-68.84668,-32.89265
1149,-68.84696,-32.89376
1150,-68.84545,-32.89287
1151,-68.84572,-32.894
1152,-68.84891,-32.89607
1153,-68.85016,-32.89601
1154,-68.85107,-32.89438
1155,-68.84875,-32.89548
1156,-68.84981,-32.89466
1157,-68.85047,-32.89454
1158,-68.84858,-32.89481
1159,-68.84405,-32.89314
1160,-68.84526,-32.89292
1161,-68.85541,-32.89594
1162,-68.85533,-32.89498
1163,-68.85339,-32.89487
1164,-68.84073,-32.89571
1165,-68.85108,-32.89338
1166,-68.85949,-32.8981
1167,-68.8582,-32.89813
1168,-68.83817,-32.89652
1169,-68.85976,-32.90043
1170,-68.85838,-32.90043
1171,-68.85937,-32.89689
1172,-68.85813,-32.89691
1173,-68.85829,-32.89935
1174,-68.85962,-32.89934
1175,-68.85918,-32.89576
1176,-68.85936,-32.89682
1177,-68.85805,-32.89395
1178,-68.85902,-32.89487
1179,-68.85837,-32.89497
1180,-68.85895,-32.89379
1181,-68.85083,-32.89953
1182,-68.85725,-32.90216
1183,-68.85084,-32.89968
1184,-68.8432,-32.90006
1185,-68.84335,-32.90061
1186,-68.84472,-32.90074
1187,-68.82265,-32.8672
1188,-68.82272,-32.86777
1189,-68.82556,-32.86782
1190,-68.82413,-32.86715
1191,-68.8242,-32.86789
1192,-68.82406,-32.8665
1193,-68.82547,-32.86712
1194,-68.82262,-32.867
1195,-68.82428,-32.86867
1196,-68.82274,-32.86796
1197,-68.82257,-32.86662
1198,-68.82172,-32.867
1199,-68.82168,-32.867
1200,-68.82558,-32.86866
1201,-68.82917,-32.871
1202,-68.82912,-32.86993
1203,-68.8291,-32.8694
1204,-68.8292,-32.87196
1205,-68.82478,-32.87331
1206,-68.82037,-32.87322
1207,-68.82056,-32.87375
1208,-68.8181,-32.86961
1209,-68.81954,-32.87132
1210,-68.81955,-32.87133
1211,-68.82061,-32.87358
1212,-68.8206,-32.87351
1213,-68.81736,-32.86809
1214,-68.81735,-32.86805
1215,-68.81734,-32.86799
1216,-68.81738,-32.86809
1217,-68.82002,-32.87222
1218,-68.82005,-32.87225
1219,-68.81739,-32.86819
1220,-68.81739,-32.86823
1221,-68.81862,-32.87027
1222,-68.81863,-32.87029
1223,-68.8174,-32.86826
1224,-68.81919,-32.87088
1225,-68.8173,-32.86742
1226,-68.81768,-32.86891
1227,-68.81737,-32.86815
1228,-68.81733,-32.86795
1229,-68.81762,-32.86879
1230,-68.81767,-32.86889
1231,-68.8202,-32.8728
1232,-68.81892,-32.87061
1233,-68.81765,-32.86886
1234,-68.81733,-32.86793
1235,-68.8173,-32.86769
1236,-68.81853,-32.87017
1237,-68.8319,-32.86964
1238,-68.83044,-32.86979
1239,-68.83199,-32.87183
1240,-68.8305,-32.87086
1241,-68.83055,-32.8719
1242,-68.82802,-32.88273
1243,-68.82738,-32.88033
1244,-68.83194,-32.8707
1245,-68.8306,-32.87292
1246,-68.83204,-32.87281
1247,-68.83215,-32.87524
1248,-68.83073,-32.87533
1249,-68.83066,-32.87402
1250,-68.8321,-32.8739
1251,-68.83565,-32.87628
1252,-68.83596,-32.87744
1253,-68.83597,-32.8786
1254,-68.83501,-32.87866
1255,-68.83493,-32.87753
1256,-68.8337,-32.87875
1257,-68.83365,-32.8776
1258,-68.83625,-32.87857
1259,-68.83567,-32.87748
1260,-68.83375,-32.87988
1261,-68.83509,-32.87979
1262,-68.83653,-32.87969
1263,-68.83625,-32.87971
1264,-68.83509,-32.87978
1265,-68.83375,-32.87986
1266,-68.82166,-32.86948
1267,-68.82294,-32.8695
1268,-68.82289,-32.86916
1269,-68.82283,-32.86869
1270,-68.82433,-32.86903
1271,-68.82302,-32.87017
1272,-68.82176,-32.87019
1273,-68.82038,-32.86952
1274,-68.81908,-32.86956
1275,-68.82046,-32.87022
1276,-68.81915,-32.87025
1277,-68.83797,-32.87991
1278,-68.83929,-32.87983
1279,-68.83701,-32.87627
1280,-68.82029,-32.86869
1281,-68.82018,-32.86786
1282,-68.82155,-32.86864
1283,-68.82134,-32.86707
1284,-68.8201,-32.86714
1285,-68.81881,-32.86725
1286,-68.82143,-32.86782
1287,-68.82467,-32.8664
1288,-68.82405,-32.86641
1289,-68.82337,-32.86641
1290,-68.82717,-32.86637
1291,-68.82594,-32.86639
1292,-68.82725,-32.86637
1293,-68.82256,-32.86648
1294,-68.82542,-32.86639
1295,-68.82166,-32.86693
1296,-68.82258,-32.86647
1297,-68.81895,-32.86873
1298,-68.81883,-32.86792
1299,-68.82146,-32.86697
1300,-68.81786,-32.86722
1301,-68.82135,-32.86697
1302,-68.82069,-32.86701
1303,-68.82389,-32.87527
1304,-68.81882,-32.86713
1305,-68.82009,-32.86705
1306,-68.81974,-32.86707
1307,-68.82894,-32.86652
1308,-68.83023,-32.86665
1309,-68.83028,-32.86665
1310,-68.82891,-32.86651
1311,-68.82479,-32.87391
1312,-68.82458,-32.87427
1313,-68.82359,-32.87429
1314,-68.82353,-32.87396
1315,-68.82198,-32.87428
1316,-68.82219,-32.87373
1317,-68.82456,-32.87561
1318,-68.82317,-32.87455
1319,-68.82299,-32.87475
1320,-68.82294,-32.87485
1321,-68.82191,-32.8744
1322,-68.82403,-32.87444
1323,-68.82402,-32.87443
1324,-68.82479,-32.8756
1325,-68.82384,-32.87512
1326,-68.82217,-32.87345
1327,-68.82342,-32.87338
1328,-68.8192,-32.87075
1329,-68.8221,-32.87278
1330,-68.8206,-32.87131
1331,-68.82072,-32.87221
1332,-68.82202,-32.87217
1333,-68.82011,-32.87222
1334,-68.8233,-32.87215
1335,-68.8219,-32.87126
1336,-68.81962,-32.87133
1337,-68.82028,-32.8728
1338,-68.82337,-32.87276
1339,-68.84594,-32.88489
1340,-68.84621,-32.88598
1341,-68.84497,-32.88621
1342,-68.84468,-32.88513
1343,-68.8469,-32.88354
1344,-68.84564,-32.88377
1345,-68.83518,-32.88101
1346,-68.83518,-32.88103
1347,-68.83661,-32.87999
1348,-68.83385,-32.88113
1349,-68.83243,-32.88121
1350,-68.831,-32.88133
1351,-68.82963,-32.88142
1352,-68.83385,-32.88111
1353,-68.83929,-32.88496
1354,-68.84055,-32.88472
1355,-68.84558,-32.87366
1356,-68.84661,-32.87758
1357,-68.84538,-32.87781
1358,-68.84695,-32.87886
1359,-68.84677,-32.87819
1360,-68.84573,-32.87909
1361,-68.84544,-32.87802
1362,-68.84555,-32.87842
1363,-68.84194,-32.87957
1364,-68.84448,-32.87926
1365,-68.84318,-32.87943
1366,-68.85502,-32.87956
1367,-68.8535,-32.87984
1368,-68.85178,-32.88017
1369,-68.8515,-32.87915
1370,-68.85106,-32.87923
1371,-68.85474,-32.87852
1372,-68.85322,-32.87882
1373,-68.85015,-32.88413
1374,-68.84863,-32.8844
1375,-68.85155,-32.88272
1376,-68.84988,-32.88303
1377,-68.8506,-32.87932
1378,-68.85105,-32.88031
1379,-68.85134,-32.8816
1380,-68.84885,-32.87408
1381,-68.84756,-32.87432
1382,-68.84926,-32.87573
1383,-68.84939,-32.87623
1384,-68.85066,-32.87599
1385,-68.85093,-32.877
1386,-68.84912,-32.87515
1387,-68.84854,-32.8764
1388,-68.84966,-32.87724
1389,-68.85012,-32.87824
1390,-68.84702,-32.87442
1391,-68.84755,-32.87543
1392,-68.8512,-32.87805
1393,-68.85077,-32.87813
1394,-68.8367,-32.88463
1395,-68.83779,-32.88456
1396,-68.83532,-32.88359
1397,-68.83537,-32.88471
1398,-68.83404,-32.88479
1399,-68.83398,-32.88364
1400,-68.83258,-32.88488
1401,-68.83254,-32.88369
1402,-68.83115,-32.88375
1403,-68.82977,-32.8838
1404,-68.83675,-32.88593
1405,-68.83815,-32.88587
1406,-68.83543,-32.88598
1407,-68.83122,-32.88496
1408,-68.82984,-32.88504
1409,-68.83797,-32.88521
1410,-68.83409,-32.88603
1411,-68.83262,-32.88608
1412,-68.83128,-32.88614
1413,-68.82991,-32.88619
1414,-68.84719,-32.88466
1415,-68.84525,-32.88726
1416,-68.84777,-32.8868
1417,-68.84652,-32.88703
1418,-68.84649,-32.88704
1419,-68.84747,-32.88574
1420,-68.84774,-32.88681
1421,-68.84899,-32.88657
1422,-68.8491,-32.88656
1423,-68.84602,-32.88013
1424,-68.84475,-32.88029
1425,-68.84344,-32.88046
1426,-68.8487,-32.88552
1427,-68.84881,-32.8855
1428,-68.84223,-32.88062
1429,-68.8463,-32.88123
1430,-68.84503,-32.88143
1431,-68.85044,-32.88515
1432,-68.85133,-32.88499
1433,-68.85021,-32.8852
1434,-68.85118,-32.88551
1435,-68.84839,-32.88444
1436,-68.84851,-32.88442
1437,-68.84827,-32.88446
1438,-68.84892,-32.88548
1439,-68.8492,-32.88657
1440,-68.85199,-32.88605
1441,-68.851,-32.88623
1442,-68.82823,-32.8815
1443,-68.84176,-32.87959
1444,-68.84033,-32.87478
1445,-68.82971,-32.88264
1446,-68.83525,-32.88235
1447,-68.83392,-32.88242
1448,-68.83249,-32.88249
1449,-68.83107,-32.88257
1450,-68.84661,-32.88244
1451,-68.84083,-32.88078
1452,-68.84203,-32.88065
1453,-68.85668,-32.86568
1454,-68.85663,-32.86517
1455,-68.8566,-32.86487
1456,-68.85391,-32.87037
1457,-68.85312,-32.87033
1458,-68.85474,-32.87041
1459,-68.8557,-32.8705
1460,-68.85166,-32.87031
1461,-68.85169,-32.87031
1462,-68.8524,-32.87029
1463,-68.85546,-32.86908
1464,-68.84606,-32.86859
1465,-68.85079,-32.86892
1466,-68.85009,-32.86889
1467,-68.85779,-32.87067
1468,-68.85644,-32.87056
1469,-68.85709,-32.87061
1470,-68.85099,-32.87035
1471,-68.8503,-32.87039
1472,-68.85015,-32.86936
1473,-68.84482,-32.86924
1474,-68.85246,-32.86891
1475,-68.85251,-32.8683
1476,-68.85219,-32.8689
1477,-68.85148,-32.86886
1478,-68.84469,-32.86253
1479,-68.84526,-32.86255
1480,-68.85163,-32.86887
1481,-68.85172,-32.86779
1482,-68.84873,-32.86289
1483,-68.84923,-32.86297
1484,-68.84979,-32.86306
1485,-68.85058,-32.86318
1486,-68.85134,-32.86322
1487,-68.85211,-32.86327
1488,-68.85294,-32.86331
1489,-68.84582,-32.86256
1490,-68.84644,-32.86258
1491,-68.85506,-32.86402
1492,-68.85457,-32.86903
1493,-68.85365,-32.86899
1494,-68.85297,-32.86894
1495,-68.85367,-32.86837
1496,-68.84877,-32.8687
1497,-68.8493,-32.86874
1498,-68.84938,-32.86766
1499,-68.84609,-32.86718
1500,-68.84751,-32.86755
1501,-68.84834,-32.86759
1502,-68.84665,-32.86858
1503,-68.84675,-32.8675
1504,-68.84606,-32.86855
1505,-68.84604,-32.86745
1506,-68.85016,-32.8677
1507,-68.85094,-32.86775
1508,-68.84885,-32.86763
1509,-68.87079,-32.87472
1510,-68.87104,-32.87556
1511,-68.87035,-32.87572
1512,-68.86965,-32.87589
1513,-68.86607,-32.86373
1514,-68.86424,-32.86363
1515,-68.86527,-32.86369
1516,-68.86603,-32.86373
1517,-68.86123,-32.88367
1518,-68.85009,-32.86878
1519,-68.85084,-32.86883
1520,-68.87024,-32.87764
1521,-68.86891,-32.87606
1522,-68.86947,-32.87766
1523,-68.86619,-32.88278
1524,-68.86453,-32.87795
1525,-68.85814,-32.87786
1526,-68.85815,-32.87787
1527,-68.86981,-32.87838
1528,-68.87038,-32.88002
1529,-68.8597,-32.87889
1530,-68.85992,-32.88
1531,-68.86972,-32.8784
1532,-68.87047,-32.87821
1533,-68.85857,-32.88249
1534,-68.85862,-32.88283
1535,-68.85715,-32.88298
1536,-68.85713,-32.87914
1537,-68.85618,-32.87933
1538,-68.85842,-32.8789
1539,-68.85672,-32.87814
1540,-68.90809,-32.88727
1541,-68.91098,-32.88795
1542,-68.91109,-32.88737
1543,-68.91069,-32.88665
1544,-68.91032,-32.88725
1545,-68.91043,-32.88706
1546,-68.90967,-32.886
1547,-68.90967,-32.88624
1548,-68.90954,-32.88673
1549,-68.90883,-32.88609
1550,-68.90869,-32.88673
1551,-68.90874,-32.88655
1552,-68.90831,-32.88662
1553,-68.90906,-32.88542
1554,-68.9099,-32.88768
1555,-68.90784,-32.88722
1556,-68.90834,-32.88732
1557,-68.85871,-32.88357
1558,-68.85732,-32.88363
1559,-68.8606,-32.88349
1560,-68.89875,-32.88694
1561,-68.89894,-32.887
1562,-68.86864,-32.87514
1563,-68.85752,-32.87251
1564,-68.85924,-32.87656
1565,-68.85944,-32.87762
1566,-68.9104,-32.8833
1567,-68.9081,-32.88493
1568,-68.89722,-32.88646
1569,-68.87064,-32.86901
1570,-68.8707,-32.8695
1571,-68.87012,-32.87142
1572,-68.86955,-32.87124
1573,-68.87053,-32.87005
1574,-68.87076,-32.87004
1575,-68.89792,-32.87063
1576,-68.89524,-32.87102
1577,-68.89015,-32.86519
1578,-68.88987,-32.86525
1579,-68.89019,-32.86532
1580,-68.88934,-32.86534
1581,-68.88674,-32.86583
1582,-68.91164,-32.88088
1583,-68.91248,-32.8797
1584,-68.91212,-32.88012
1585,-68.91886,-32.87419
1586,-68.89951,-32.87083
1587,-68.87097,-32.87168
1588,-68.89721,-32.86866
1589,-68.89885,-32.86833
1590,-68.89148,-32.86982
1591,-68.89165,-32.87041
1592,-68.89182,-32.871
1593,-68.89164,-32.87036
1594,-68.89901,-32.86892
1595,-68.89488,-32.86976
1596,-68.89741,-32.86924
1597,-68.89199,-32.8716
1598,-68.89183,-32.87104
1599,-68.89917,-32.86956
1600,-68.89506,-32.87039
1601,-68.89854,-32.86721
1602,-68.89437,-32.86793
1603,-68.89677,-32.86744
1604,-68.8961,-32.86758
1605,-68.89113,-32.86858
1606,-68.8913,-32.8692
1607,-68.89129,-32.86914
1608,-68.89147,-32.86977
1609,-68.89869,-32.86772
1610,-68.89454,-32.86855
1611,-68.897,-32.86806
1612,-68.89471,-32.86917
1613,-68.89078,-32.86736
1614,-68.89519,-32.86647
1615,-68.89477,-32.86656
1616,-68.89435,-32.86664
1617,-68.8939,-32.86673
1618,-68.89335,-32.86684
1619,-68.89564,-32.86638
1620,-68.89112,-32.86855
1621,-68.89095,-32.86797
1622,-68.89094,-32.86792
1623,-68.89565,-32.86767
1624,-68.89523,-32.86775
1625,-68.89039,-32.86603
1626,-68.89059,-32.8667
1627,-68.89042,-32.86612
1628,-68.89358,-32.86745
1629,-68.89285,-32.86566
1630,-68.8906,-32.86674
1631,-68.89077,-32.86732
1632,-68.8931,-32.86625
1633,-68.89507,-32.87105
1634,-68.89311,-32.87144
1635,-68.89382,-32.86529
1636,-68.89336,-32.86538
1637,-68.89518,-32.86519
1638,-68.89473,-32.86521
1639,-68.89765,-32.86986
1640,-68.89506,-32.87175
1641,-68.88862,-32.87298
1642,-68.88622,-32.87349
1643,-68.88259,-32.87417
1644,-68.88258,-32.87438
1645,-68.89219,-32.8723
1646,-68.892,-32.87163
1647,-68.86429,-32.86462
1648,-68.86349,-32.8641
1649,-68.86361,-32.86473
1650,-68.86601,-32.86426
1651,-68.86597,-32.86476
1652,-68.86113,-32.86485
1653,-68.86112,-32.86359
1654,-68.86417,-32.86399
1655,-68.86412,-32.86376
1656,-68.8635,-32.86372
1657,-68.86606,-32.86382
1658,-68.91044,-32.88321
1659,-68.86045,-32.86352
1660,-68.86045,-32.86353
1661,-68.86044,-32.86355
1662,-68.8617,-32.86362
1663,-68.86228,-32.86365
1664,-68.86443,-32.86538
1665,-68.86518,-32.86539
1666,-68.86227,-32.86486
1667,-68.86227,-32.8654
1668,-68.86071,-32.86494
1669,-68.86014,-32.86512
1670,-68.86288,-32.86486
1671,-68.8617,-32.86486
1672,-68.86363,-32.86486
1673,-68.86132,-32.8654
1674,-68.86037,-32.86562
1675,-68.86351,-32.86359
1676,-68.8641,-32.86362
1677,-68.86374,-32.86541
1678,-68.86283,-32.8654
1679,-68.8617,-32.8654
1680,-68.87117,-32.87319
1681,-68.87102,-32.87333
1682,-68.87119,-32.87339
1683,-68.89021,-32.86517
1684,-68.89548,-32.86489
1685,-68.89052,-32.86395
1686,-68.89036,-32.86457
1687,-68.87812,-32.86416
1688,-68.87863,-32.86416
1689,-68.88314,-32.86291
1690,-68.88841,-32.86552
1691,-68.8934,-32.86449
1692,-68.8593,-32.86321
1693,-68.88007,-32.86528
1694,-68.88298,-32.86472
1695,-68.88329,-32.86426
1696,-68.87005,-32.86396
1697,-68.87105,-32.87226
1698,-68.87114,-32.87293
1699,-68.87117,-32.87316
1700,-68.87115,-32.87304
1701,-68.87116,-32.87308
1702,-68.88296,-32.86772
1703,-68.88265,-32.86965
1704,-68.87795,-32.86437
1705,-68.86997,-32.87192
1706,-68.87723,-32.86878
1707,-68.87633,-32.86894
1708,-68.87533,-32.86912
1709,-68.87937,-32.86981
1710,-68.87902,-32.86845
1711,-68.87814,-32.86861
1712,-68.8825,-32.86779
1713,-68.87979,-32.8683
1714,-68.87975,-32.86831
1715,-68.87578,-32.8705
1716,-68.87615,-32.8719
1717,-68.87579,-32.87054
1718,-68.88245,-32.86807
1719,-68.88219,-32.86957
1720,-68.87677,-32.87419
1721,-68.87771,-32.87403
1722,-68.8797,-32.87454
1723,-68.87923,-32.87279
1724,-68.87924,-32.87283
1725,-68.87833,-32.87295
1726,-68.87834,-32.87299
1727,-68.87798,-32.87509
1728,-68.87205,-32.87343
1729,-68.87409,-32.87399
1730,-68.87937,-32.87551
1731,-68.87797,-32.87157
1732,-68.87798,-32.8716
1733,-68.87746,-32.87312
1734,-68.87707,-32.87174
1735,-68.87708,-32.87178
1736,-68.87653,-32.87329
1737,-68.87851,-32.87004
1738,-68.88125,-32.87107
1739,-68.87759,-32.87016
1740,-68.8776,-32.87019
1741,-68.88088,-32.87115
1742,-68.88065,-32.87168
1743,-68.87669,-32.87033
1744,-68.8767,-32.87036
1745,-68.87976,-32.87126
1746,-68.87994,-32.8727
1747,-68.87888,-32.87141
1748,-68.87888,-32.87143
1749,-68.8785,-32.86998
1750,-68.87939,-32.86986
1751,-68.87975,-32.87126
1752,-68.87398,-32.86409
1753,-68.86119,-32.86838
1754,-68.86577,-32.87121
1755,-68.86219,-32.86832
1756,-68.86429,-32.86964
1757,-68.86351,-32.86964
1758,-68.86399,-32.86995
1759,-68.88246,-32.86961
1760,-68.88264,-32.86848
1761,-68.8801,-32.86972
1762,-68.88048,-32.87114
1763,-68.87958,-32.86766
1764,-68.87397,-32.86938
1765,-68.87522,-32.86871
1766,-68.88236,-32.87027
1767,-68.86454,-32.8682
1768,-68.86444,-32.86769
1769,-68.8617,-32.86813
1770,-68.86211,-32.86806
1771,-68.8628,-32.86846
1772,-68.86335,-32.8686
1773,-68.86524,-32.8684
1774,-68.86594,-32.87064
1775,-68.86412,-32.87069
1776,-68.86202,-32.86849
1777,-68.86462,-32.86858
1778,-68.86547,-32.86996
1779,-68.86437,-32.86952
1780,-68.86493,-32.86977
1781,-68.87007,-32.86446
1782,-68.87006,-32.86402
1783,-68.86029,-32.8697
1784,-68.85911,-32.86984
1785,-68.86068,-32.86965
1786,-68.85989,-32.86975
1787,-68.85831,-32.87071
1788,-68.8582,-32.86995
1789,-68.86851,-32.86394
1790,-68.86025,-32.86948
1791,-68.86005,-32.87069
1792,-68.85984,-32.8695
1793,-68.85907,-32.86961
1794,-68.85871,-32.86867
1795,-68.85931,-32.8686
1796,-68.85802,-32.86876
1797,-68.8601,-32.8685
1798,-68.85969,-32.86855
1799,-68.85849,-32.86684
1800,-68.86083,-32.87057
1801,-68.86063,-32.86938
1802,-68.87058,-32.86849
1803,-68.85768,-32.8804
1804,-68.85875,-32.8802
1805,-68.85652,-32.88062
1806,-68.87052,-32.86797
1807,-68.87045,-32.86746
1808,-68.87298,-32.88441
1809,-68.87345,-32.88436
1810,-68.86988,-32.88491
1811,-68.87339,-32.88514
1812,-68.8734,-32.88513
1813,-68.87345,-32.88543
1814,-68.87344,-32.88544
1815,-68.86688,-32.88548
1816,-68.86852,-32.86386
1817,-68.87351,-32.88186
1818,-68.87361,-32.88179
1819,-68.8733,-32.88417
1820,-68.87344,-32.88433
1821,-68.86793,-32.86384
1822,-68.86925,-32.86391
1823,-68.86998,-32.86396
1824,-68.8686,-32.86387
1825,-68.92006,-32.87191
1826,-68.8627,-32.88627
1827,-68.86299,-32.88647
1828,-68.86933,-32.88613
1829,-68.87002,-32.88655
1830,-68.87016,-32.88664
1831,-68.87286,-32.8857
1832,-68.86329,-32.88616
1833,-68.86326,-32.88635
1834,-68.86984,-32.88597
1835,-68.86932,-32.88614
1836,-68.86753,-32.8887
1837,-68.87038,-32.88836
1838,-68.86682,-32.8888
1839,-68.86676,-32.8876
1840,-68.86721,-32.88882
1841,-68.86345,-32.8885
1842,-68.86696,-32.88893
1843,-68.87071,-32.88837
1844,-68.87148,-32.8881
1845,-68.87086,-32.88846
1846,-68.8634,-32.88832
1847,-68.86356,-32.88799
1848,-68.86418,-32.88763
1849,-68.86323,-32.88772
1850,-68.86677,-32.88759
1851,-68.86601,-32.89033
1852,-68.86631,-32.8905
1853,-68.86493,-32.89054
1854,-68.86481,-32.89057
1855,-68.86389,-32.89075
1856,-68.86363,-32.88935
1857,-68.87156,-32.89078
1858,-68.86913,-32.89008
1859,-68.86916,-32.88988
1860,-68.86648,-32.88926
1861,-68.8662,-32.89009
1862,-68.86633,-32.88901
1863,-68.87246,-32.8894
1864,-68.87413,-32.88963
1865,-68.87258,-32.89279
1866,-68.87181,-32.89181
1867,-68.87312,-32.89188
1868,-68.86411,-32.89201
1869,-68.86408,-32.89393
1870,-68.87358,-32.89115
1871,-68.87323,-32.89166
1872,-68.87323,-32.89168
1873,-68.87165,-32.89128
1874,-68.86404,-32.89158
1875,-68.87162,-32.89104
1876,-68.87337,-32.89145
1877,-68.86734,-32.89404
1878,-68.86422,-32.89869
1879,-68.86508,-32.89971
1880,-68.86509,-32.89973
1881,-68.87045,-32.899
1882,-68.87045,-32.89895
1883,-68.86572,-32.89907
1884,-68.864,-32.89493
1885,-68.87195,-32.89397
1886,-68.88456,-32.86543
1887,-68.88657,-32.86586
1888,-68.8865,-32.86586
1889,-68.88737,-32.86863
1890,-68.8872,-32.86805
1891,-68.88721,-32.86808
1892,-68.88737,-32.86867
1893,-68.88738,-32.86867
1894,-68.88403,-32.86869
1895,-68.88415,-32.868
1896,-68.8872,-32.86808
1897,-68.88683,-32.86676
1898,-68.86272,-32.89416
1899,-68.86253,-32.89315
1900,-68.87317,-32.88169
1901,-68.86613,-32.90145
1902,-68.88156,-32.8804
1903,-68.88235,-32.88089
1904,-68.88235,-32.88065
1905,-68.88114,-32.87881
1906,-68.8788,-32.88333
1907,-68.87363,-32.88154
1908,-68.87359,-32.88151
1909,-68.87364,-32.88155
1910,-68.87367,-32.88168
1911,-68.88129,-32.87931
1912,-68.87562,-32.87858
1913,-68.88336,-32.86747
1914,-68.88292,-32.8702
1915,-68.88382,-32.87004
1916,-68.88519,-32.86977
1917,-68.88536,-32.87037
1918,-68.88773,-32.86991
1919,-68.88536,-32.87041
1920,-68.88536,-32.8704
1921,-68.88791,-32.8705
1922,-68.88774,-32.86991
1923,-68.88773,-32.86988
1924,-68.88792,-32.87053
1925,-68.88791,-32.87053
1926,-68.88372,-32.87074
1927,-68.88756,-32.8693
1928,-68.88755,-32.8693
1929,-68.88393,-32.86933
1930,-68.88755,-32.86927
1931,-68.88426,-32.86729
1932,-68.88702,-32.86745
1933,-68.88702,-32.86742
1934,-68.88684,-32.86679
1935,-68.88367,-32.8655
1936,-68.88587,-32.87225
1937,-68.88588,-32.87224
1938,-68.88587,-32.87221
1939,-68.88604,-32.87282
1940,-68.88604,-32.87285
1941,-68.88605,-32.87285
1942,-68.88843,-32.87236
1943,-68.88844,-32.87236
1944,-68.88843,-32.87232
1945,-68.88356,-32.87269
1946,-68.88352,-32.87336
1947,-68.8826,-32.87333
1948,-68.88282,-32.87089
1949,-68.88367,-32.87137
1950,-68.88361,-32.87202
1951,-68.8857,-32.87162
1952,-68.8857,-32.87159
1953,-68.88826,-32.87176
1954,-68.88827,-32.87176
1955,-68.88826,-32.87173
1956,-68.88809,-32.87113
1957,-68.88553,-32.87102
1958,-68.88553,-32.87099
1959,-68.88808,-32.87113
1960,-68.88808,-32.8711
1961,-68.88285,-32.87068
1962,-68.87035,-32.87366
1963,-68.87086,-32.87431
1964,-68.87092,-32.87402
1965,-68.87022,-32.87426
1966,-68.87082,-32.87454
1967,-68.87094,-32.87385
1968,-68.88258,-32.87352
1969,-68.88256,-32.87379
1970,-68.88371,-32.86524
1971,-68.86087,-32.87083
1972,-68.86108,-32.86959
1973,-68.86229,-32.87211
1974,-68.85837,-32.87109
1975,-68.85844,-32.87154
1976,-68.86384,-32.86593
1977,-68.86283,-32.86593
1978,-68.86028,-32.87204
1979,-68.86009,-32.87092
1980,-68.86306,-32.87206
1981,-68.85927,-32.87081
1982,-68.86066,-32.872
1983,-68.86145,-32.87196
1984,-68.8622,-32.87188
1985,-68.86048,-32.87088
1986,-68.86166,-32.87074
1987,-68.86128,-32.87078
1988,-68.86205,-32.8707
1989,-68.86124,-32.87052
1990,-68.86044,-32.87067
1991,-68.86103,-32.86933
1992,-68.8701,-32.87487
1993,-68.86936,-32.875
1994,-68.86285,-32.86605
1995,-68.86306,-32.86666
1996,-68.86396,-32.86654
1997,-68.86166,-32.86687
1998,-68.86151,-32.86635
1999,-68.86463,-32.86644
2000,-68.86115,-32.86752
2001,-68.86182,-32.86743
2002,-68.8643,-32.86707
2003,-68.8635,-32.86719
2004,-68.86315,-32.86724
2005,-68.8628,-32.86728
2006,-68.86494,-32.86698
2007,-68.86475,-32.86701
2008,-68.86792,-32.86391
2009,-68.88165,-32.87454
2010,-68.88022,-32.87407
2011,-68.88022,-32.87276
2012,-68.88199,-32.87092
2013,-68.88208,-32.87271
2014,-68.88221,-32.87155
2015,-68.8822,-32.87162
2016,-68.88137,-32.87151
2017,-68.88144,-32.87178
2018,-68.88101,-32.8716
2019,-68.88111,-32.87204
2020,-68.88144,-32.87193
2021,-68.8808,-32.87426
2022,-68.8818,-32.87272
2023,-68.88207,-32.87481
2024,-68.88216,-32.87381
2025,-68.88196,-32.87119
2026,-68.87828,-32.86562
2027,-68.879,-32.86549
2028,-68.85681,-32.88173
2029,-68.85814,-32.88148
2030,-68.88329,-32.86554
2031,-68.87776,-32.8672
2032,-68.88062,-32.86742
2033,-68.88034,-32.86634
2034,-68.87865,-32.86704
2035,-68.87938,-32.8669
2036,-68.8793,-32.86654
2037,-68.83079,-32.87653
2038,-68.8322,-32.87646
2039,-68.83225,-32.87767
2040,-68.88264,-32.86702
2041,-68.88096,-32.86736
2042,-68.88281,-32.86751
2043,-68.88307,-32.86583
2044,-68.88115,-32.86803
2045,-68.83089,-32.87894
2046,-68.83095,-32.88008
2047,-68.83239,-32.87998
2048,-68.8323,-32.87885
2049,-68.83084,-32.87774
2050,-68.8279,-32.8767
2051,-68.82939,-32.87661
2052,-68.82664,-32.87677
2053,-68.82944,-32.87781
2054,-68.8295,-32.87904
2055,-68.82721,-32.87918
2056,-68.82701,-32.87793
2057,-68.82809,-32.87913
2058,-68.828,-32.87789
2059,-68.82745,-32.88033
2060,-68.82954,-32.88018
2061,-68.82817,-32.88029
2062,-68.82711,-32.87919
2063,-68.82691,-32.87793
2064,-68.82651,-32.8768
2065,-68.84754,-32.89808
2066,-68.84802,-32.89769
2067,-68.84809,-32.89816
2068,-68.84824,-32.89803
2069,-68.84787,-32.89818
2070,-68.84407,-32.90086
2071,-68.84346,-32.90097
2072,-68.84987,-32.89794
2073,-68.83812,-32.86242
2074,-68.84028,-32.86244
2075,-68.84109,-32.86243
2076,-68.8473,-32.89634
2077,-68.84891,-32.89622
2078,-68.8502,-32.89616
2079,-68.84812,-32.89626
2080,-68.85022,-32.89616
2081,-68.85018,-32.89745
2082,-68.84782,-32.89698
2083,-68.84808,-32.89912
2084,-68.84737,-32.89918
2085,-68.84776,-32.89908
2086,-68.84193,-32.86601
2087,-68.84242,-32.8659
2088,-68.84257,-32.86588
2089,-68.8425,-32.86588
2090,-68.84359,-32.86595
2091,-68.84376,-32.86594
2092,-68.84366,-32.86596
2093,-68.84374,-32.86586
2094,-68.84489,-32.87036
2095,-68.84438,-32.86843
2096,-68.84318,-32.86839
2097,-68.84365,-32.87055
2098,-68.84355,-32.87056
2099,-68.84414,-32.86754
2100,-68.84291,-32.86731
2101,-68.844,-32.86702
2102,-68.84302,-32.86772
2103,-68.84351,-32.87056
2104,-68.84004,-32.86511
2105,-68.84067,-32.86499
2106,-68.83989,-32.86584
2107,-68.84091,-32.86588
2108,-68.84178,-32.86477
2109,-68.84215,-32.86474
2110,-68.84222,-32.86474
2111,-68.85062,-32.90318
2112,-68.84012,-32.8642
2113,-68.84342,-32.86476
2114,-68.84331,-32.86441
2115,-68.85067,-32.90318
2116,-68.85062,-32.90319
2117,-68.83952,-32.86714
2118,-68.84123,-32.86707
2119,-68.83994,-32.86712
2120,-68.84231,-32.86474
2121,-68.841,-32.8662
2122,-68.83971,-32.86641
2123,-68.85716,-32.90161
2124,-68.85706,-32.90045
2125,-68.85725,-32.90208
2126,-68.85726,-32.90192
2127,-68.85716,-32.90188
2128,-68.83822,-32.86316
2129,-68.85847,-32.90161
2130,-68.86,-32.9016
2131,-68.86014,-32.9021
2132,-68.86012,-32.9021
2133,-68.86135,-32.90158
2134,-68.86259,-32.90157
2135,-68.83826,-32.86428
2136,-68.83807,-32.86319
2137,-68.83812,-32.8643
2138,-68.83642,-32.86347
2139,-68.86098,-32.89806
2140,-68.861,-32.89828
2141,-68.86218,-32.89804
2142,-68.86236,-32.89929
2143,-68.86111,-32.89932
2144,-68.83541,-32.86475
2145,-68.83666,-32.86455
2146,-68.86263,-32.90217
2147,-68.86138,-32.90213
2148,-68.85721,-32.8941
2149,-68.86123,-32.90042
2150,-68.86249,-32.90039
2151,-68.85677,-32.89693
2152,-68.85559,-32.89821
2153,-68.85689,-32.8982
2154,-68.85739,-32.89511
2155,-68.85747,-32.89574
2156,-68.84343,-32.87373
2157,-68.84379,-32.87327
2158,-68.84026,-32.87375
2159,-68.84032,-32.87343
2160,-68.84425,-32.90194
2161,-68.84505,-32.90186
2162,-68.84374,-32.90199
2163,-68.85569,-32.89938
2164,-68.85698,-32.89936
2165,-68.83782,-32.9045
2166,-68.84054,-32.87471
2167,-68.84011,-32.87379
2168,-68.84596,-32.90365
2169,-68.84493,-32.90271
2170,-68.84518,-32.90373
2171,-68.84591,-32.90366
2172,-68.84466,-32.90378
2173,-68.84017,-32.87378
2174,-68.84396,-32.90289
2175,-68.84542,-32.90262
2176,-68.8459,-32.90354
2177,-68.83532,-32.87505
2178,-68.83535,-32.87627
2179,-68.83503,-32.87507
2180,-68.83564,-32.87624
2181,-68.83476,-32.87509
2182,-68.83485,-32.87632
2183,-68.83355,-32.87516
2184,-68.83348,-32.87378
2185,-68.84169,-32.90246
2186,-68.83965,-32.90286
2187,-68.83952,-32.90234
2188,-68.84056,-32.90269
2189,-68.83495,-32.87366
2190,-68.83931,-32.90293
2191,-68.83823,-32.90257
2192,-68.83722,-32.90209
2193,-68.8375,-32.90328
2194,-68.83667,-32.90102
2195,-68.84246,-32.90228
2196,-68.8442,-32.90383
2197,-68.8336,-32.87639
2198,-68.8429,-32.90396
2199,-68.84285,-32.90396
2200,-68.84265,-32.90399
2201,-68.84213,-32.90379
2202,-68.84094,-32.90413
2203,-68.84075,-32.90342
2204,-68.83837,-32.90311
2205,-68.84269,-32.90313
2206,-68.84281,-32.90365
2207,-68.84095,-32.90417
2208,-68.84102,-32.90416
2209,-68.83994,-32.90428
2210,-68.8387,-32.90442
2211,-68.8383,-32.90446
2212,-68.83333,-32.87054
2213,-68.83276,-32.8706
2214,-68.83944,-32.90434
2215,-68.83339,-32.8717
2216,-68.84221,-32.90403
2217,-68.84214,-32.90404
2218,-68.84211,-32.90404
2219,-68.83343,-32.87269
2220,-68.8379,-32.9045
2221,-68.83798,-32.90449
2222,-68.83304,-32.86951
2223,-68.83938,-32.90434
2224,-68.83938,-32.90431
2225,-68.83261,-32.86956
2226,-68.83869,-32.90439
2227,-68.8378,-32.90081
2228,-68.83921,-32.90116
2229,-68.83794,-32.9014
2230,-68.84081,-32.90148
2231,-68.8344,-32.87161
2232,-68.84219,-32.90124
2233,-68.83441,-32.87164
2234,-68.84206,-32.90075
2235,-68.83683,-32.90099
2236,-68.83409,-32.87045
2237,-68.83466,-32.87261
2238,-68.83381,-32.86943
2239,-68.83395,-32.86995
2240,-68.84577,-32.90055
2241,-68.83936,-32.90173
2242,-68.83374,-32.86916
2243,-68.83808,-32.90194
2244,-68.84027,-32.90158
2245,-68.84651,-32.9025
2246,-68.84584,-32.90199
2247,-68.84585,-32.90258
2248,-68.83285,-32.8656
2249,-68.83288,-32.86574
2250,-68.84581,-32.90183
2251,-68.8458,-32.90165
2252,-68.83307,-32.86651
2253,-68.8368,-32.89678
2254,-68.83615,-32.89784
2255,-68.83503,-32.89711
2256,-68.83175,-32.86657
2257,-68.83179,-32.86657
2258,-68.83223,-32.86655
2259,-68.84393,-32.86277
2260,-68.84727,-32.90352
2261,-68.84391,-32.86331
2262,-68.83525,-32.89799
2263,-68.84465,-32.86334
2264,-68.84655,-32.90359
2265,-68.84554,-32.86384
2266,-68.84554,-32.86434
2267,-68.84387,-32.86425
2268,-68.83545,-32.89904
2269,-68.84387,-32.86441
2270,-68.84384,-32.86479
2271,-68.84389,-32.86378
2272,-68.84471,-32.8643
2273,-68.84389,-32.86369
2274,-68.84522,-32.86336
2275,-68.84525,-32.86712
2276,-68.84509,-32.86849
2277,-68.84462,-32.86846
2278,-68.83623,-32.87342
2279,-68.84536,-32.86606
2280,-68.84448,-32.86599
2281,-68.84797,-32.90345
2282,-68.84731,-32.90352
2283,-68.84543,-32.86542
2284,-68.8455,-32.86487
2285,-68.8503,-32.90322
2286,-68.83732,-32.87253
2287,-68.83668,-32.87266
2288,-68.83575,-32.87153
2289,-68.83607,-32.87277
2290,-68.83607,-32.87279
2291,-68.83749,-32.87319
2292,-68.83704,-32.87142
2293,-68.8591,-32.86321
2294,-68.86051,-32.86337
2295,-68.81731,-32.86728
2296,-68.86117,-32.86345
2297,-68.83548,-32.87043
2298,-68.86228,-32.86351
2299,-68.86118,-32.86345
2300,-68.8617,-32.86348
2301,-68.85898,-32.8632
2302,-68.85977,-32.86327
2303,-68.83695,-32.87608
2304,-68.83693,-32.87612
2305,-68.86054,-32.86337
2306,-68.83795,-32.87501
2307,-68.83685,-32.8733
2308,-68.83846,-32.8654
2309,-68.83832,-32.86542
2310,-68.83702,-32.86611
2311,-68.83832,-32.86626
2312,-68.83849,-32.86628
2313,-68.84299,-32.86276
2314,-68.8409,-32.8642
2315,-68.84107,-32.86259
2316,-68.84014,-32.86396
2317,-68.84169,-32.86423
2318,-68.83928,-32.8641
2319,-68.84203,-32.8629
2320,-68.83904,-32.86302
2321,-68.84315,-32.8637
2322,-68.84314,-32.86367
2323,-68.8433,-32.86438
2324,-68.84301,-32.86307
2325,-68.84205,-32.86365
2326,-68.84221,-32.86431
2327,-68.82644,-32.86778
2328,-68.8327,-32.86829
2329,-68.83243,-32.86727
2330,-68.83186,-32.86838
2331,-68.82906,-32.86866
2332,-68.83037,-32.86854
2333,-68.83227,-32.86671
2334,-68.82732,-32.86774
2335,-68.82725,-32.86646
2336,-68.82894,-32.86662
2337,-68.8331,-32.86662
2338,-68.83311,-32.86665
2339,-68.83321,-32.86721
2340,-68.8335,-32.86824
2341,-68.82738,-32.86885
2342,-68.8279,-32.86878
2343,-68.8265,-32.86888
2344,-68.83029,-32.86677
2345,-68.83179,-32.86671
2346,-68.83798,-32.86242
2347,-68.83617,-32.8624
2348,-68.83989,-32.8737
2349,-68.83858,-32.87228
2350,-68.83962,-32.8721
2351,-68.83978,-32.87277
2352,-68.83878,-32.87295
2353,-68.83962,-32.87206
2354,-68.83982,-32.87349
2355,-68.83908,-32.87423
2356,-68.83882,-32.87441
2357,-68.83813,-32.87307
2358,-68.83912,-32.8742
