poblacion,0-14,primario,secundario,polimodal,lee_y _esc,NoLee_ni_e,punto_tipo_Rulero
845.0,186.0,190.0,279.0,42.0,753.0,42.0,0
958.0,207.0,174.0,276.0,73.0,868.0,45.0,0
845.0,186.0,190.0,279.0,42.0,753.0,42.0,0
845.0,186.0,190.0,279.0,42.0,753.0,42.0,0
845.0,186.0,190.0,279.0,42.0,753.0,42.0,0
845.0,186.0,190.0,279.0,42.0,753.0,42.0,0
1059.0,275.0,324.0,333.0,67.0,950.0,63.0,0
1059.0,275.0,324.0,333.0,67.0,950.0,63.0,0
845.0,186.0,190.0,279.0,42.0,753.0,42.0,0
493.0,130.0,144.0,171.0,12.0,424.0,45.0,0
1059.0,275.0,324.0,333.0,67.0,950.0,63.0,0
493.0,130.0,144.0,171.0,12.0,424.0,45.0,0
493.0,130.0,144.0,171.0,12.0,424.0,45.0,0
1059.0,275.0,324.0,333.0,67.0,950.0,63.0,0
1059.0,275.0,324.0,333.0,67.0,950.0,63.0,0
1043.0,171.0,281.0,311.0,47.0,954.0,42.0,0
1043.0,171.0,281.0,311.0,47.0,954.0,42.0,0
1043.0,171.0,281.0,311.0,47.0,954.0,42.0,0
1043.0,171.0,281.0,311.0,47.0,954.0,42.0,0
643.0,104.0,118.0,171.0,42.0,595.0,20.0,0
1043.0,171.0,281.0,311.0,47.0,954.0,42.0,0
643.0,104.0,118.0,171.0,42.0,595.0,20.0,0
770.0,143.0,168.0,212.0,33.0,712.0,27.0,0
958.0,207.0,174.0,276.0,73.0,868.0,45.0,0
1043.0,171.0,281.0,311.0,47.0,954.0,42.0,0
643.0,104.0,118.0,171.0,42.0,595.0,20.0,0
1043.0,171.0,281.0,311.0,47.0,954.0,42.0,0
1043.0,171.0,281.0,311.0,47.0,954.0,42.0,0
643.0,104.0,118.0,171.0,42.0,595.0,20.0,0
1043.0,171.0,281.0,311.0,47.0,954.0,42.0,0
1018.0,182.0,216.0,274.0,39.0,922.0,58.0,0
643.0,104.0,118.0,171.0,42.0,595.0,20.0,0
1018.0,182.0,216.0,274.0,39.0,922.0,58.0,0
1043.0,171.0,281.0,311.0,47.0,954.0,42.0,0
1043.0,171.0,281.0,311.0,47.0,954.0,42.0,0
1043.0,171.0,281.0,311.0,47.0,954.0,42.0,0
770.0,143.0,168.0,212.0,33.0,712.0,27.0,0
958.0,207.0,174.0,276.0,73.0,868.0,45.0,0
733.0,158.0,111.0,180.0,19.0,672.0,32.0,0
770.0,143.0,168.0,212.0,33.0,712.0,27.0,0
733.0,158.0,111.0,180.0,19.0,672.0,32.0,0
770.0,143.0,168.0,212.0,33.0,712.0,27.0,0
796.0,127.0,124.0,222.0,33.0,738.0,30.0,0
796.0,127.0,124.0,222.0,33.0,738.0,30.0,0
796.0,127.0,124.0,222.0,33.0,738.0,30.0,0
733.0,158.0,111.0,180.0,19.0,672.0,32.0,0
796.0,127.0,124.0,222.0,33.0,738.0,30.0,0
796.0,127.0,124.0,222.0,33.0,738.0,30.0,0
733.0,158.0,111.0,180.0,19.0,672.0,32.0,0
796.0,127.0,124.0,222.0,33.0,738.0,30.0,0
510.0,76.0,51.0,110.0,20.0,478.0,16.0,0
796.0,127.0,124.0,222.0,33.0,738.0,30.0,0
1018.0,182.0,216.0,274.0,39.0,922.0,58.0,0
1614.0,498.0,491.0,294.0,110.0,1374.0,142.0,0
1614.0,498.0,491.0,294.0,110.0,1374.0,142.0,0
643.0,94.0,58.0,93.0,25.0,598.0,22.0,0
1614.0,498.0,491.0,294.0,110.0,1374.0,142.0,0
958.0,207.0,174.0,276.0,73.0,868.0,45.0,0
1614.0,498.0,491.0,294.0,110.0,1374.0,142.0,0
1614.0,498.0,491.0,294.0,110.0,1374.0,142.0,0
821.0,230.0,285.0,226.0,73.0,702.0,72.0,0
1614.0,498.0,491.0,294.0,110.0,1374.0,142.0,0
1614.0,498.0,491.0,294.0,110.0,1374.0,142.0,0
1018.0,182.0,216.0,274.0,39.0,922.0,58.0,0
1614.0,498.0,491.0,294.0,110.0,1374.0,142.0,0
643.0,104.0,118.0,171.0,42.0,595.0,20.0,0
821.0,230.0,285.0,226.0,73.0,702.0,72.0,0
643.0,104.0,118.0,171.0,42.0,595.0,20.0,0
770.0,143.0,168.0,212.0,33.0,712.0,27.0,0
1614.0,498.0,491.0,294.0,110.0,1374.0,142.0,0
821.0,230.0,285.0,226.0,73.0,702.0,72.0,0
821.0,230.0,285.0,226.0,73.0,702.0,72.0,0
643.0,104.0,118.0,171.0,42.0,595.0,20.0,0
1018.0,182.0,216.0,274.0,39.0,922.0,58.0,0
1614.0,498.0,491.0,294.0,110.0,1374.0,142.0,0
770.0,143.0,168.0,212.0,33.0,712.0,27.0,0
1614.0,498.0,491.0,294.0,110.0,1374.0,142.0,0
1478.0,408.0,613.0,373.0,62.0,1283.0,112.0,0
1478.0,408.0,613.0,373.0,62.0,1283.0,112.0,0
770.0,143.0,168.0,212.0,33.0,712.0,27.0,0
1478.0,408.0,613.0,373.0,62.0,1283.0,112.0,0
1478.0,408.0,613.0,373.0,62.0,1283.0,112.0,0
796.0,127.0,124.0,222.0,33.0,738.0,30.0,0
1244.0,350.0,491.0,320.0,63.0,1054.0,108.0,0
1587.0,470.0,492.0,295.0,166.0,1360.0,132.0,0
1478.0,408.0,613.0,373.0,62.0,1283.0,112.0,0
668.0,212.0,88.0,88.0,26.0,562.0,62.0,0
878.0,123.0,115.0,181.0,41.0,831.0,25.0,0
1614.0,498.0,491.0,294.0,110.0,1374.0,142.0,0
643.0,104.0,118.0,171.0,42.0,595.0,20.0,0
958.0,207.0,174.0,276.0,73.0,868.0,45.0,0
1587.0,470.0,492.0,295.0,166.0,1360.0,132.0,0
958.0,207.0,174.0,276.0,73.0,868.0,45.0,0
878.0,123.0,115.0,181.0,41.0,831.0,25.0,0
510.0,76.0,51.0,110.0,20.0,478.0,16.0,0
510.0,76.0,51.0,110.0,20.0,478.0,16.0,0
1614.0,498.0,491.0,294.0,110.0,1374.0,142.0,0
643.0,104.0,118.0,171.0,42.0,595.0,20.0,0
643.0,94.0,58.0,93.0,25.0,598.0,22.0,0
643.0,104.0,118.0,171.0,42.0,595.0,20.0,0
656.0,103.0,120.0,189.0,22.0,617.0,19.0,0
1614.0,498.0,491.0,294.0,110.0,1374.0,142.0,0
643.0,104.0,118.0,171.0,42.0,595.0,20.0,0
770.0,143.0,168.0,212.0,33.0,712.0,27.0,0
1018.0,182.0,216.0,274.0,39.0,922.0,58.0,0
770.0,143.0,168.0,212.0,33.0,712.0,27.0,0
1018.0,182.0,216.0,274.0,39.0,922.0,58.0,0
643.0,104.0,118.0,171.0,42.0,595.0,20.0,0
1244.0,350.0,491.0,320.0,63.0,1054.0,108.0,0
770.0,143.0,168.0,212.0,33.0,712.0,27.0,0
1587.0,470.0,492.0,295.0,166.0,1360.0,132.0,0
643.0,104.0,118.0,171.0,42.0,595.0,20.0,0
796.0,127.0,124.0,222.0,33.0,738.0,30.0,0
770.0,143.0,168.0,212.0,33.0,712.0,27.0,0
656.0,103.0,120.0,189.0,22.0,617.0,19.0,0
796.0,127.0,124.0,222.0,33.0,738.0,30.0,0
1587.0,470.0,492.0,295.0,166.0,1360.0,132.0,0
878.0,123.0,115.0,181.0,41.0,831.0,25.0,0
796.0,127.0,124.0,222.0,33.0,738.0,30.0,0
723.0,174.0,164.0,157.0,27.0,661.0,40.0,0
723.0,174.0,164.0,157.0,27.0,661.0,40.0,0
723.0,174.0,164.0,157.0,27.0,661.0,40.0,0
878.0,123.0,115.0,181.0,41.0,831.0,25.0,0
796.0,127.0,124.0,222.0,33.0,738.0,30.0,0
723.0,174.0,164.0,157.0,27.0,661.0,40.0,0
796.0,127.0,124.0,222.0,33.0,738.0,30.0,0
796.0,127.0,124.0,222.0,33.0,738.0,30.0,0
1018.0,182.0,216.0,274.0,39.0,922.0,58.0,0
796.0,127.0,124.0,222.0,33.0,738.0,30.0,0
796.0,127.0,124.0,222.0,33.0,738.0,30.0,0
1614.0,498.0,491.0,294.0,110.0,1374.0,142.0,0
510.0,76.0,51.0,110.0,20.0,478.0,16.0,0
796.0,127.0,124.0,222.0,33.0,738.0,30.0,0
958.0,207.0,174.0,276.0,73.0,868.0,45.0,0
668.0,212.0,88.0,88.0,26.0,562.0,62.0,0
848.0,190.0,124.0,180.0,50.0,766.0,40.0,0
848.0,190.0,124.0,180.0,50.0,766.0,40.0,0
848.0,190.0,124.0,180.0,50.0,766.0,40.0,0
796.0,127.0,124.0,222.0,33.0,738.0,30.0,0
643.0,94.0,58.0,93.0,25.0,598.0,22.0,0
1018.0,182.0,216.0,274.0,39.0,922.0,58.0,0
1614.0,498.0,491.0,294.0,110.0,1374.0,142.0,0
1614.0,498.0,491.0,294.0,110.0,1374.0,142.0,0
656.0,103.0,120.0,189.0,22.0,617.0,19.0,0
656.0,103.0,120.0,189.0,22.0,617.0,19.0,0
878.0,123.0,115.0,181.0,41.0,831.0,25.0,0
796.0,127.0,124.0,222.0,33.0,738.0,30.0,0
656.0,103.0,120.0,189.0,22.0,617.0,19.0,0
1018.0,182.0,216.0,274.0,39.0,922.0,58.0,0
656.0,103.0,120.0,189.0,22.0,617.0,19.0,0
656.0,103.0,120.0,189.0,22.0,617.0,19.0,0
770.0,143.0,168.0,212.0,33.0,712.0,27.0,0
510.0,76.0,51.0,110.0,20.0,478.0,16.0,0
1614.0,498.0,491.0,294.0,110.0,1374.0,142.0,0
764.0,129.0,125.0,170.0,27.0,704.0,27.0,0
1244.0,350.0,491.0,320.0,63.0,1054.0,108.0,0
1614.0,498.0,491.0,294.0,110.0,1374.0,142.0,0
1614.0,498.0,491.0,294.0,110.0,1374.0,142.0,0
1614.0,498.0,491.0,294.0,110.0,1374.0,142.0,0
1614.0,498.0,491.0,294.0,110.0,1374.0,142.0,0
510.0,76.0,51.0,110.0,20.0,478.0,16.0,0
848.0,190.0,124.0,180.0,50.0,766.0,40.0,0
848.0,190.0,124.0,180.0,50.0,766.0,40.0,0
1587.0,470.0,492.0,295.0,166.0,1360.0,132.0,0
770.0,143.0,168.0,212.0,33.0,712.0,27.0,0
1587.0,470.0,492.0,295.0,166.0,1360.0,132.0,0
1614.0,498.0,491.0,294.0,110.0,1374.0,142.0,0
764.0,129.0,125.0,170.0,27.0,704.0,27.0,0
878.0,123.0,115.0,181.0,41.0,831.0,25.0,0
656.0,103.0,120.0,189.0,22.0,617.0,19.0,0
878.0,123.0,115.0,181.0,41.0,831.0,25.0,0
656.0,103.0,120.0,189.0,22.0,617.0,19.0,0
723.0,174.0,164.0,157.0,27.0,661.0,40.0,0
723.0,174.0,164.0,157.0,27.0,661.0,40.0,0
510.0,76.0,51.0,110.0,20.0,478.0,16.0,0
1614.0,498.0,491.0,294.0,110.0,1374.0,142.0,0
627.0,185.0,60.0,85.0,23.0,573.0,27.0,0
668.0,212.0,88.0,88.0,26.0,562.0,62.0,0
668.0,212.0,88.0,88.0,26.0,562.0,62.0,0
1244.0,350.0,491.0,320.0,63.0,1054.0,108.0,0
825.0,122.0,141.0,235.0,37.0,771.0,29.0,0
643.0,94.0,58.0,93.0,25.0,598.0,22.0,0
878.0,123.0,115.0,181.0,41.0,831.0,25.0,0
1179.0,213.0,95.0,138.0,71.0,1106.0,41.0,0
627.0,185.0,60.0,85.0,23.0,573.0,27.0,0
825.0,122.0,141.0,235.0,37.0,771.0,29.0,0
1244.0,350.0,491.0,320.0,63.0,1054.0,108.0,0
1587.0,470.0,492.0,295.0,166.0,1360.0,132.0,0
1614.0,498.0,491.0,294.0,110.0,1374.0,142.0,0
1587.0,470.0,492.0,295.0,166.0,1360.0,132.0,0
1614.0,498.0,491.0,294.0,110.0,1374.0,142.0,0
1614.0,498.0,491.0,294.0,110.0,1374.0,142.0,0
1614.0,498.0,491.0,294.0,110.0,1374.0,142.0,0
1614.0,498.0,491.0,294.0,110.0,1374.0,142.0,0
1614.0,498.0,491.0,294.0,110.0,1374.0,142.0,0
1614.0,498.0,491.0,294.0,110.0,1374.0,142.0,0
1190.0,208.0,76.0,141.0,61.0,1120.0,44.0,0
1190.0,208.0,76.0,141.0,61.0,1120.0,44.0,0
1244.0,350.0,491.0,320.0,63.0,1054.0,108.0,0
1614.0,498.0,491.0,294.0,110.0,1374.0,142.0,0
669.0,106.0,100.0,178.0,13.0,624.0,22.0,0
770.0,143.0,168.0,212.0,33.0,712.0,27.0,0
1587.0,470.0,492.0,295.0,166.0,1360.0,132.0,0
669.0,106.0,100.0,178.0,13.0,624.0,22.0,0
921.0,177.0,99.0,188.0,51.0,856.0,33.0,0
510.0,76.0,51.0,110.0,20.0,478.0,16.0,0
627.0,185.0,60.0,85.0,23.0,573.0,27.0,0
878.0,123.0,115.0,181.0,41.0,831.0,25.0,0
764.0,129.0,125.0,170.0,27.0,704.0,27.0,0
921.0,177.0,99.0,188.0,51.0,856.0,33.0,0
878.0,123.0,115.0,181.0,41.0,831.0,25.0,0
958.0,207.0,174.0,276.0,73.0,868.0,45.0,0
878.0,123.0,115.0,181.0,41.0,831.0,25.0,0
878.0,123.0,115.0,181.0,41.0,831.0,25.0,0
510.0,76.0,51.0,110.0,20.0,478.0,16.0,0
510.0,76.0,51.0,110.0,20.0,478.0,16.0,0
1614.0,498.0,491.0,294.0,110.0,1374.0,142.0,0
643.0,94.0,58.0,93.0,25.0,598.0,22.0,0
921.0,177.0,99.0,188.0,51.0,856.0,33.0,0
958.0,207.0,174.0,276.0,73.0,868.0,45.0,0
1179.0,213.0,95.0,138.0,71.0,1106.0,41.0,0
643.0,94.0,58.0,93.0,25.0,598.0,22.0,0
825.0,122.0,141.0,235.0,37.0,771.0,29.0,0
714.0,141.0,96.0,184.0,35.0,649.0,32.0,0
1190.0,208.0,76.0,141.0,61.0,1120.0,44.0,0
1190.0,208.0,76.0,141.0,61.0,1120.0,44.0,0
878.0,123.0,115.0,181.0,41.0,831.0,25.0,0
656.0,103.0,120.0,189.0,22.0,617.0,19.0,0
784.0,106.0,116.0,194.0,29.0,735.0,23.0,0
1587.0,470.0,492.0,295.0,166.0,1360.0,132.0,0
784.0,106.0,116.0,194.0,29.0,735.0,23.0,0
784.0,106.0,116.0,194.0,29.0,735.0,23.0,0
656.0,103.0,120.0,189.0,22.0,617.0,19.0,0
1174.0,342.0,514.0,271.0,70.0,1008.0,81.0,0
1174.0,342.0,514.0,271.0,70.0,1008.0,81.0,0
921.0,177.0,99.0,188.0,51.0,856.0,33.0,0
1244.0,350.0,491.0,320.0,63.0,1054.0,108.0,0
878.0,123.0,115.0,181.0,41.0,831.0,25.0,0
784.0,106.0,116.0,194.0,29.0,735.0,23.0,0
1587.0,470.0,492.0,295.0,166.0,1360.0,132.0,0
784.0,106.0,116.0,194.0,29.0,735.0,23.0,0
1244.0,350.0,491.0,320.0,63.0,1054.0,108.0,0
784.0,106.0,116.0,194.0,29.0,735.0,23.0,0
714.0,141.0,96.0,184.0,35.0,649.0,32.0,0
1179.0,213.0,95.0,138.0,71.0,1106.0,41.0,0
770.0,143.0,168.0,212.0,33.0,712.0,27.0,0
784.0,106.0,116.0,194.0,29.0,735.0,23.0,0
784.0,106.0,116.0,194.0,29.0,735.0,23.0,0
1244.0,350.0,491.0,320.0,63.0,1054.0,108.0,0
1174.0,342.0,514.0,271.0,70.0,1008.0,81.0,0
770.0,143.0,168.0,212.0,33.0,712.0,27.0,0
921.0,177.0,99.0,188.0,51.0,856.0,33.0,0
668.0,212.0,88.0,88.0,26.0,562.0,62.0,0
878.0,123.0,115.0,181.0,41.0,831.0,25.0,0
669.0,106.0,100.0,178.0,13.0,624.0,22.0,0
764.0,129.0,125.0,170.0,27.0,704.0,27.0,0
825.0,122.0,141.0,235.0,37.0,771.0,29.0,0
510.0,76.0,51.0,110.0,20.0,478.0,16.0,0
825.0,122.0,141.0,235.0,37.0,771.0,29.0,0
878.0,123.0,115.0,181.0,41.0,831.0,25.0,0
825.0,122.0,141.0,235.0,37.0,771.0,29.0,0
1244.0,350.0,491.0,320.0,63.0,1054.0,108.0,0
878.0,123.0,115.0,181.0,41.0,831.0,25.0,0
1174.0,342.0,514.0,271.0,70.0,1008.0,81.0,0
825.0,122.0,141.0,235.0,37.0,771.0,29.0,0
656.0,103.0,120.0,189.0,22.0,617.0,19.0,0
1174.0,342.0,514.0,271.0,70.0,1008.0,81.0,0
643.0,94.0,58.0,93.0,25.0,598.0,22.0,0
878.0,123.0,115.0,181.0,41.0,831.0,25.0,0
825.0,122.0,141.0,235.0,37.0,771.0,29.0,0
669.0,106.0,100.0,178.0,13.0,624.0,22.0,0
825.0,122.0,141.0,235.0,37.0,771.0,29.0,0
669.0,106.0,100.0,178.0,13.0,624.0,22.0,0
921.0,177.0,99.0,188.0,51.0,856.0,33.0,0
1174.0,342.0,514.0,271.0,70.0,1008.0,81.0,0
643.0,94.0,58.0,93.0,25.0,598.0,22.0,0
825.0,122.0,141.0,235.0,37.0,771.0,29.0,0
1174.0,342.0,514.0,271.0,70.0,1008.0,81.0,0
825.0,122.0,141.0,235.0,37.0,771.0,29.0,0
714.0,141.0,96.0,184.0,35.0,649.0,32.0,0
541.0,129.0,131.0,162.0,31.0,493.0,23.0,0
541.0,129.0,131.0,162.0,31.0,493.0,23.0,0
825.0,122.0,141.0,235.0,37.0,771.0,29.0,0
825.0,122.0,141.0,235.0,37.0,771.0,29.0,0
541.0,129.0,131.0,162.0,31.0,493.0,23.0,0
1587.0,470.0,492.0,295.0,166.0,1360.0,132.0,0
1174.0,342.0,514.0,271.0,70.0,1008.0,81.0,0
656.0,103.0,120.0,189.0,22.0,617.0,19.0,0
541.0,129.0,131.0,162.0,31.0,493.0,23.0,0
541.0,129.0,131.0,162.0,31.0,493.0,23.0,0
541.0,129.0,131.0,162.0,31.0,493.0,23.0,0
541.0,129.0,131.0,162.0,31.0,493.0,23.0,0
764.0,129.0,125.0,170.0,27.0,704.0,27.0,0
1244.0,350.0,491.0,320.0,63.0,1054.0,108.0,0
1587.0,470.0,492.0,295.0,166.0,1360.0,132.0,0
1065.0,215.0,217.0,292.0,52.0,977.0,45.0,0
541.0,129.0,131.0,162.0,31.0,493.0,23.0,0
921.0,177.0,99.0,188.0,51.0,856.0,33.0,0
764.0,129.0,125.0,170.0,27.0,704.0,27.0,0
541.0,129.0,131.0,162.0,31.0,493.0,23.0,0
1174.0,342.0,514.0,271.0,70.0,1008.0,81.0,0
958.0,207.0,174.0,276.0,73.0,868.0,45.0,0
763.0,172.0,173.0,224.0,22.0,681.0,40.0,0
935.0,183.0,220.0,293.0,69.0,852.0,41.0,0
935.0,183.0,220.0,293.0,69.0,852.0,41.0,0
1587.0,470.0,492.0,295.0,166.0,1360.0,132.0,0
958.0,207.0,174.0,276.0,73.0,868.0,45.0,0
878.0,123.0,115.0,181.0,41.0,831.0,25.0,0
958.0,207.0,174.0,276.0,73.0,868.0,45.0,0
958.0,207.0,174.0,276.0,73.0,868.0,45.0,0
878.0,123.0,115.0,181.0,41.0,831.0,25.0,0
1065.0,215.0,217.0,292.0,52.0,977.0,45.0,0
1174.0,342.0,514.0,271.0,70.0,1008.0,81.0,0
1065.0,215.0,217.0,292.0,52.0,977.0,45.0,0
763.0,172.0,173.0,224.0,22.0,681.0,40.0,0
1179.0,213.0,95.0,138.0,71.0,1106.0,41.0,0
1179.0,213.0,95.0,138.0,71.0,1106.0,41.0,0
510.0,76.0,51.0,110.0,20.0,478.0,16.0,0
1065.0,215.0,217.0,292.0,52.0,977.0,45.0,0
935.0,183.0,220.0,293.0,69.0,852.0,41.0,0
770.0,143.0,168.0,212.0,33.0,712.0,27.0,0
1019.0,153.0,163.0,246.0,38.0,950.0,36.0,0
1019.0,153.0,163.0,246.0,38.0,950.0,36.0,0
1259.0,361.0,517.0,335.0,72.0,1101.0,83.0,0
1259.0,361.0,517.0,335.0,72.0,1101.0,83.0,0
1065.0,215.0,217.0,292.0,52.0,977.0,45.0,0
1065.0,215.0,217.0,292.0,52.0,977.0,45.0,0
1065.0,215.0,217.0,292.0,52.0,977.0,45.0,0
921.0,177.0,99.0,188.0,51.0,856.0,33.0,0
848.0,190.0,124.0,180.0,50.0,766.0,40.0,0
848.0,190.0,124.0,180.0,50.0,766.0,40.0,0
1244.0,350.0,491.0,320.0,63.0,1054.0,108.0,0
1587.0,470.0,492.0,295.0,166.0,1360.0,132.0,0
1587.0,470.0,492.0,295.0,166.0,1360.0,132.0,0
1587.0,470.0,492.0,295.0,166.0,1360.0,132.0,0
1259.0,361.0,517.0,335.0,72.0,1101.0,83.0,0
1259.0,361.0,517.0,335.0,72.0,1101.0,83.0,0
1019.0,153.0,163.0,246.0,38.0,950.0,36.0,0
1019.0,153.0,163.0,246.0,38.0,950.0,36.0,0
1190.0,208.0,76.0,141.0,61.0,1120.0,44.0,0
1190.0,208.0,76.0,141.0,61.0,1120.0,44.0,0
1190.0,208.0,76.0,141.0,61.0,1120.0,44.0,0
1190.0,208.0,76.0,141.0,61.0,1120.0,44.0,0
1179.0,213.0,95.0,138.0,71.0,1106.0,41.0,0
1190.0,208.0,76.0,141.0,61.0,1120.0,44.0,0
1179.0,213.0,95.0,138.0,71.0,1106.0,41.0,0
985.0,161.0,166.0,198.0,47.0,915.0,35.0,0
666.0,91.0,81.0,165.0,42.0,625.0,14.0,0
666.0,91.0,81.0,165.0,42.0,625.0,14.0,0
666.0,91.0,81.0,165.0,42.0,625.0,14.0,0
1019.0,153.0,163.0,246.0,38.0,950.0,36.0,0
1019.0,153.0,163.0,246.0,38.0,950.0,36.0,0
1190.0,208.0,76.0,141.0,61.0,1120.0,44.0,0
1190.0,208.0,76.0,141.0,61.0,1120.0,44.0,0
1190.0,208.0,76.0,141.0,61.0,1120.0,44.0,0
666.0,91.0,81.0,165.0,42.0,625.0,14.0,0
666.0,91.0,81.0,165.0,42.0,625.0,14.0,0
485.0,67.0,68.0,131.0,24.0,448.0,21.0,0
485.0,67.0,68.0,131.0,24.0,448.0,21.0,0
485.0,67.0,68.0,131.0,24.0,448.0,21.0,0
1244.0,350.0,491.0,320.0,63.0,1054.0,108.0,0
1244.0,350.0,491.0,320.0,63.0,1054.0,108.0,0
1019.0,153.0,163.0,246.0,38.0,950.0,36.0,0
1019.0,153.0,163.0,246.0,38.0,950.0,36.0,0
517.0,108.0,146.0,161.0,19.0,467.0,30.0,0
517.0,108.0,146.0,161.0,19.0,467.0,30.0,0
1065.0,215.0,217.0,292.0,52.0,977.0,45.0,0
985.0,161.0,166.0,198.0,47.0,915.0,35.0,0
1244.0,350.0,491.0,320.0,63.0,1054.0,108.0,0
1019.0,153.0,163.0,246.0,38.0,950.0,36.0,0
763.0,172.0,173.0,224.0,22.0,681.0,40.0,0
763.0,172.0,173.0,224.0,22.0,681.0,40.0,0
763.0,172.0,173.0,224.0,22.0,681.0,40.0,0
1259.0,361.0,517.0,335.0,72.0,1101.0,83.0,0
1259.0,361.0,517.0,335.0,72.0,1101.0,83.0,0
1259.0,361.0,517.0,335.0,72.0,1101.0,83.0,0
1259.0,361.0,517.0,335.0,72.0,1101.0,83.0,0
763.0,172.0,173.0,224.0,22.0,681.0,40.0,0
763.0,172.0,173.0,224.0,22.0,681.0,40.0,0
517.0,108.0,146.0,161.0,19.0,467.0,30.0,0
517.0,108.0,146.0,161.0,19.0,467.0,30.0,0
1019.0,153.0,163.0,246.0,38.0,950.0,36.0,0
1019.0,153.0,163.0,246.0,38.0,950.0,36.0,0
848.0,190.0,124.0,180.0,50.0,766.0,40.0,0
921.0,177.0,99.0,188.0,51.0,856.0,33.0,0
947.0,140.0,124.0,234.0,44.0,884.0,30.0,0
1026.0,324.0,512.0,192.0,45.0,859.0,93.0,0
745.0,213.0,317.0,201.0,20.0,626.0,58.0,0
1026.0,324.0,512.0,192.0,45.0,859.0,93.0,0
1026.0,324.0,512.0,192.0,45.0,859.0,93.0,0
853.0,138.0,113.0,190.0,32.0,799.0,31.0,0
853.0,138.0,113.0,190.0,32.0,799.0,31.0,0
853.0,138.0,113.0,190.0,32.0,799.0,31.0,0
853.0,138.0,113.0,190.0,32.0,799.0,31.0,0
513.0,158.0,93.0,110.0,23.0,450.0,35.0,0
785.0,115.0,154.0,214.0,30.0,724.0,29.0,0
785.0,115.0,154.0,214.0,30.0,724.0,29.0,0
585.0,90.0,91.0,148.0,25.0,556.0,11.0,0
583.0,137.0,103.0,186.0,22.0,514.0,36.0,0
583.0,137.0,103.0,186.0,22.0,514.0,36.0,0
583.0,137.0,103.0,186.0,22.0,514.0,36.0,0
848.0,190.0,124.0,180.0,50.0,766.0,40.0,0
848.0,190.0,124.0,180.0,50.0,766.0,40.0,0
848.0,190.0,124.0,180.0,50.0,766.0,40.0,0
500.0,70.0,92.0,137.0,16.0,473.0,13.0,0
985.0,161.0,166.0,198.0,47.0,915.0,35.0,0
575.0,88.0,68.0,138.0,24.0,529.0,20.0,0
741.0,116.0,120.0,188.0,46.0,699.0,24.0,0
741.0,116.0,120.0,188.0,46.0,699.0,24.0,0
1026.0,324.0,512.0,192.0,45.0,859.0,93.0,0
1026.0,324.0,512.0,192.0,45.0,859.0,93.0,0
1026.0,324.0,512.0,192.0,45.0,859.0,93.0,0
1376.0,429.0,613.0,359.0,48.0,1157.0,116.0,0
612.0,125.0,111.0,172.0,28.0,553.0,27.0,0
583.0,137.0,103.0,186.0,22.0,514.0,36.0,0
785.0,115.0,154.0,214.0,30.0,724.0,29.0,0
785.0,115.0,154.0,214.0,30.0,724.0,29.0,0
676.0,76.0,88.0,151.0,30.0,639.0,17.0,0
853.0,138.0,113.0,190.0,32.0,799.0,31.0,0
853.0,138.0,113.0,190.0,32.0,799.0,31.0,0
853.0,138.0,113.0,190.0,32.0,799.0,31.0,0
853.0,138.0,113.0,190.0,32.0,799.0,31.0,0
583.0,137.0,103.0,186.0,22.0,514.0,36.0,0
583.0,137.0,103.0,186.0,22.0,514.0,36.0,0
583.0,137.0,103.0,186.0,22.0,514.0,36.0,0
876.0,157.0,229.0,261.0,57.0,810.0,35.0,0
876.0,157.0,229.0,261.0,57.0,810.0,35.0,0
876.0,157.0,229.0,261.0,57.0,810.0,35.0,0
831.0,138.0,134.0,217.0,30.0,775.0,36.0,0
831.0,138.0,134.0,217.0,30.0,775.0,36.0,0
947.0,140.0,124.0,234.0,44.0,884.0,30.0,0
612.0,105.0,68.0,120.0,19.0,578.0,15.0,0
12.0,1.0,3.0,0.0,3.0,12.0,0.0,0
620.0,101.0,79.0,156.0,29.0,577.0,22.0,0
620.0,101.0,79.0,156.0,29.0,577.0,22.0,0
730.0,137.0,153.0,236.0,19.0,669.0,34.0,0
730.0,137.0,153.0,236.0,19.0,669.0,34.0,0
500.0,70.0,92.0,137.0,16.0,473.0,13.0,0
500.0,70.0,92.0,137.0,16.0,473.0,13.0,0
500.0,70.0,92.0,137.0,16.0,473.0,13.0,0
500.0,70.0,92.0,137.0,16.0,473.0,13.0,0
612.0,105.0,68.0,120.0,19.0,578.0,15.0,0
612.0,105.0,68.0,120.0,19.0,578.0,15.0,0
612.0,105.0,68.0,120.0,19.0,578.0,15.0,0
730.0,137.0,153.0,236.0,19.0,669.0,34.0,0
1057.0,300.0,430.0,254.0,55.0,904.0,90.0,0
1057.0,300.0,430.0,254.0,55.0,904.0,90.0,0
947.0,140.0,124.0,234.0,44.0,884.0,30.0,0
947.0,140.0,124.0,234.0,44.0,884.0,30.0,0
947.0,140.0,124.0,234.0,44.0,884.0,30.0,0
806.0,143.0,147.0,230.0,31.0,739.0,29.0,0
585.0,90.0,91.0,148.0,25.0,556.0,11.0,0
924.0,136.0,120.0,224.0,36.0,864.0,31.0,0
575.0,88.0,68.0,138.0,24.0,529.0,20.0,0
620.0,101.0,79.0,156.0,29.0,577.0,22.0,0
581.0,88.0,52.0,135.0,14.0,547.0,15.0,0
581.0,88.0,52.0,135.0,14.0,547.0,15.0,0
831.0,138.0,134.0,217.0,30.0,775.0,36.0,0
947.0,140.0,124.0,234.0,44.0,884.0,30.0,0
519.0,65.0,73.0,119.0,9.0,484.0,14.0,0
519.0,65.0,73.0,119.0,9.0,484.0,14.0,0
519.0,65.0,73.0,119.0,9.0,484.0,14.0,0
963.0,204.0,204.0,278.0,28.0,868.0,41.0,0
519.0,65.0,73.0,119.0,9.0,484.0,14.0,0
730.0,137.0,153.0,236.0,19.0,669.0,34.0,0
581.0,88.0,52.0,135.0,14.0,547.0,15.0,0
519.0,65.0,73.0,119.0,9.0,484.0,14.0,0
585.0,90.0,91.0,148.0,25.0,556.0,11.0,0
806.0,143.0,147.0,230.0,31.0,739.0,29.0,0
500.0,70.0,92.0,137.0,16.0,473.0,13.0,0
500.0,70.0,92.0,137.0,16.0,473.0,13.0,0
1057.0,300.0,430.0,254.0,55.0,904.0,90.0,0
1026.0,324.0,512.0,192.0,45.0,859.0,93.0,0
500.0,70.0,92.0,137.0,16.0,473.0,13.0,0
581.0,88.0,52.0,135.0,14.0,547.0,15.0,0
581.0,88.0,52.0,135.0,14.0,547.0,15.0,0
1255.0,280.0,295.0,263.0,37.0,1121.0,67.0,0
575.0,88.0,68.0,138.0,24.0,529.0,20.0,0
277.0,33.0,27.0,67.0,12.0,267.0,6.0,0
277.0,33.0,27.0,67.0,12.0,267.0,6.0,0
277.0,33.0,27.0,67.0,12.0,267.0,6.0,0
681.0,64.0,112.0,109.0,14.0,615.0,47.0,0
264.0,39.0,19.0,66.0,14.0,243.0,13.0,0
264.0,39.0,19.0,66.0,14.0,243.0,13.0,0
681.0,64.0,112.0,109.0,14.0,615.0,47.0,0
647.0,70.0,70.0,117.0,12.0,616.0,18.0,0
562.0,106.0,66.0,97.0,22.0,510.0,25.0,0
562.0,106.0,66.0,97.0,22.0,510.0,25.0,0
562.0,106.0,66.0,97.0,22.0,510.0,25.0,0
681.0,64.0,112.0,109.0,14.0,615.0,47.0,0
647.0,70.0,70.0,117.0,12.0,616.0,18.0,0
562.0,106.0,66.0,97.0,22.0,510.0,25.0,0
672.0,103.0,68.0,110.0,33.0,627.0,22.0,0
564.0,48.0,56.0,101.0,22.0,538.0,13.0,0
1365.0,507.0,552.0,278.0,74.0,1101.0,149.0,0
1365.0,507.0,552.0,278.0,74.0,1101.0,149.0,0
1365.0,507.0,552.0,278.0,74.0,1101.0,149.0,0
672.0,103.0,68.0,110.0,33.0,627.0,22.0,0
564.0,48.0,56.0,101.0,22.0,538.0,13.0,0
562.0,106.0,66.0,97.0,22.0,510.0,25.0,0
562.0,106.0,66.0,97.0,22.0,510.0,25.0,0
697.0,92.0,41.0,111.0,14.0,651.0,24.0,0
567.0,64.0,41.0,95.0,9.0,541.0,9.0,0
562.0,106.0,66.0,97.0,22.0,510.0,25.0,0
562.0,106.0,66.0,97.0,22.0,510.0,25.0,0
935.0,183.0,220.0,293.0,69.0,852.0,41.0,0
1244.0,350.0,491.0,320.0,63.0,1054.0,108.0,0
1190.0,208.0,76.0,141.0,61.0,1120.0,44.0,0
1179.0,213.0,95.0,138.0,71.0,1106.0,41.0,0
1190.0,208.0,76.0,141.0,61.0,1120.0,44.0,0
1190.0,208.0,76.0,141.0,61.0,1120.0,44.0,0
1065.0,215.0,217.0,292.0,52.0,977.0,45.0,0
1065.0,215.0,217.0,292.0,52.0,977.0,45.0,0
643.0,94.0,58.0,93.0,25.0,598.0,22.0,0
1174.0,342.0,514.0,271.0,70.0,1008.0,81.0,0
643.0,94.0,58.0,93.0,25.0,598.0,22.0,0
612.0,125.0,111.0,172.0,28.0,553.0,27.0,0
1174.0,342.0,514.0,271.0,70.0,1008.0,81.0,0
1174.0,342.0,514.0,271.0,70.0,1008.0,81.0,0
714.0,141.0,96.0,184.0,35.0,649.0,32.0,0
1244.0,350.0,491.0,320.0,63.0,1054.0,108.0,0
714.0,141.0,96.0,184.0,35.0,649.0,32.0,0
1587.0,470.0,492.0,295.0,166.0,1360.0,132.0,0
1174.0,342.0,514.0,271.0,70.0,1008.0,81.0,0
541.0,129.0,131.0,162.0,31.0,493.0,23.0,0
1174.0,342.0,514.0,271.0,70.0,1008.0,81.0,0
669.0,106.0,100.0,178.0,13.0,624.0,22.0,0
921.0,177.0,99.0,188.0,51.0,856.0,33.0,0
921.0,177.0,99.0,188.0,51.0,856.0,33.0,0
933.0,248.0,252.0,259.0,48.0,832.0,56.0,0
933.0,248.0,252.0,259.0,48.0,832.0,56.0,0
784.0,106.0,116.0,194.0,29.0,735.0,23.0,0
763.0,172.0,173.0,224.0,22.0,681.0,40.0,0
763.0,172.0,173.0,224.0,22.0,681.0,40.0,0
763.0,172.0,173.0,224.0,22.0,681.0,40.0,0
933.0,248.0,252.0,259.0,48.0,832.0,56.0,0
1174.0,342.0,514.0,271.0,70.0,1008.0,81.0,0
1587.0,470.0,492.0,295.0,166.0,1360.0,132.0,0
656.0,103.0,120.0,189.0,22.0,617.0,19.0,0
933.0,248.0,252.0,259.0,48.0,832.0,56.0,0
517.0,108.0,146.0,161.0,19.0,467.0,30.0,0
933.0,248.0,252.0,259.0,48.0,832.0,56.0,0
770.0,143.0,168.0,212.0,33.0,712.0,27.0,0
1587.0,470.0,492.0,295.0,166.0,1360.0,132.0,0
656.0,103.0,120.0,189.0,22.0,617.0,19.0,0
764.0,129.0,125.0,170.0,27.0,704.0,27.0,0
656.0,103.0,120.0,189.0,22.0,617.0,19.0,0
1244.0,350.0,491.0,320.0,63.0,1054.0,108.0,0
1174.0,342.0,514.0,271.0,70.0,1008.0,81.0,0
933.0,248.0,252.0,259.0,48.0,832.0,56.0,0
517.0,108.0,146.0,161.0,19.0,467.0,30.0,0
1019.0,153.0,163.0,246.0,38.0,950.0,36.0,0
763.0,172.0,173.0,224.0,22.0,681.0,40.0,0
763.0,172.0,173.0,224.0,22.0,681.0,40.0,0
1244.0,350.0,491.0,320.0,63.0,1054.0,108.0,0
1174.0,342.0,514.0,271.0,70.0,1008.0,81.0,0
878.0,123.0,115.0,181.0,41.0,831.0,25.0,0
1065.0,215.0,217.0,292.0,52.0,977.0,45.0,0
763.0,172.0,173.0,224.0,22.0,681.0,40.0,0
1190.0,208.0,76.0,141.0,61.0,1120.0,44.0,0
933.0,248.0,252.0,259.0,48.0,832.0,56.0,0
1174.0,342.0,514.0,271.0,70.0,1008.0,81.0,0
1179.0,213.0,95.0,138.0,71.0,1106.0,41.0,0
1179.0,213.0,95.0,138.0,71.0,1106.0,41.0,0
517.0,108.0,146.0,161.0,19.0,467.0,30.0,0
1065.0,215.0,217.0,292.0,52.0,977.0,45.0,0
669.0,106.0,100.0,178.0,13.0,624.0,22.0,0
784.0,106.0,116.0,194.0,29.0,735.0,23.0,0
669.0,106.0,100.0,178.0,13.0,624.0,22.0,0
1190.0,208.0,76.0,141.0,61.0,1120.0,44.0,0
1190.0,208.0,76.0,141.0,61.0,1120.0,44.0,0
1190.0,208.0,76.0,141.0,61.0,1120.0,44.0,0
1179.0,213.0,95.0,138.0,71.0,1106.0,41.0,0
921.0,177.0,99.0,188.0,51.0,856.0,33.0,0
1174.0,342.0,514.0,271.0,70.0,1008.0,81.0,0
1190.0,208.0,76.0,141.0,61.0,1120.0,44.0,0
1190.0,208.0,76.0,141.0,61.0,1120.0,44.0,0
1244.0,350.0,491.0,320.0,63.0,1054.0,108.0,0
1587.0,470.0,492.0,295.0,166.0,1360.0,132.0,0
730.0,137.0,153.0,236.0,19.0,669.0,34.0,0
921.0,177.0,99.0,188.0,51.0,856.0,33.0,0
1174.0,342.0,514.0,271.0,70.0,1008.0,81.0,0
784.0,106.0,116.0,194.0,29.0,735.0,23.0,0
669.0,106.0,100.0,178.0,13.0,624.0,22.0,0
1587.0,470.0,492.0,295.0,166.0,1360.0,132.0,0
1019.0,153.0,163.0,246.0,38.0,950.0,36.0,0
848.0,190.0,124.0,180.0,50.0,766.0,40.0,0
1259.0,361.0,517.0,335.0,72.0,1101.0,83.0,0
1244.0,350.0,491.0,320.0,63.0,1054.0,108.0,0
1019.0,153.0,163.0,246.0,38.0,950.0,36.0,0
764.0,129.0,125.0,170.0,27.0,704.0,27.0,0
784.0,106.0,116.0,194.0,29.0,735.0,23.0,0
730.0,137.0,153.0,236.0,19.0,669.0,34.0,0
848.0,190.0,124.0,180.0,50.0,766.0,40.0,0
921.0,177.0,99.0,188.0,51.0,856.0,33.0,0
741.0,116.0,120.0,188.0,46.0,699.0,24.0,0
848.0,190.0,124.0,180.0,50.0,766.0,40.0,0
921.0,177.0,99.0,188.0,51.0,856.0,33.0,0
848.0,190.0,124.0,180.0,50.0,766.0,40.0,0
741.0,116.0,120.0,188.0,46.0,699.0,24.0,0
741.0,116.0,120.0,188.0,46.0,699.0,24.0,0
1019.0,153.0,163.0,246.0,38.0,950.0,36.0,0
1065.0,215.0,217.0,292.0,52.0,977.0,45.0,0
878.0,123.0,115.0,181.0,41.0,831.0,25.0,0
666.0,91.0,81.0,165.0,42.0,625.0,14.0,0
764.0,129.0,125.0,170.0,27.0,704.0,27.0,0
763.0,172.0,173.0,224.0,22.0,681.0,40.0,0
714.0,141.0,96.0,184.0,35.0,649.0,32.0,0
1065.0,215.0,217.0,292.0,52.0,977.0,45.0,0
764.0,129.0,125.0,170.0,27.0,704.0,27.0,0
763.0,172.0,173.0,224.0,22.0,681.0,40.0,0
1179.0,213.0,95.0,138.0,71.0,1106.0,41.0,0
1179.0,213.0,95.0,138.0,71.0,1106.0,41.0,0
666.0,91.0,81.0,165.0,42.0,625.0,14.0,0
1587.0,470.0,492.0,295.0,166.0,1360.0,132.0,0
1244.0,350.0,491.0,320.0,63.0,1054.0,108.0,0
517.0,108.0,146.0,161.0,19.0,467.0,30.0,0
730.0,137.0,153.0,236.0,19.0,669.0,34.0,0
730.0,137.0,153.0,236.0,19.0,669.0,34.0,0
921.0,177.0,99.0,188.0,51.0,856.0,33.0,0
921.0,177.0,99.0,188.0,51.0,856.0,33.0,0
921.0,177.0,99.0,188.0,51.0,856.0,33.0,0
1179.0,213.0,95.0,138.0,71.0,1106.0,41.0,0
1179.0,213.0,95.0,138.0,71.0,1106.0,41.0,0
1179.0,213.0,95.0,138.0,71.0,1106.0,41.0,0
1179.0,213.0,95.0,138.0,71.0,1106.0,41.0,0
1179.0,213.0,95.0,138.0,71.0,1106.0,41.0,0
1179.0,213.0,95.0,138.0,71.0,1106.0,41.0,0
714.0,141.0,96.0,184.0,35.0,649.0,32.0,0
730.0,137.0,153.0,236.0,19.0,669.0,34.0,0
730.0,137.0,153.0,236.0,19.0,669.0,34.0,0
730.0,137.0,153.0,236.0,19.0,669.0,34.0,0
730.0,137.0,153.0,236.0,19.0,669.0,34.0,0
730.0,137.0,153.0,236.0,19.0,669.0,34.0,0
730.0,137.0,153.0,236.0,19.0,669.0,34.0,0
1259.0,361.0,517.0,335.0,72.0,1101.0,83.0,0
714.0,141.0,96.0,184.0,35.0,649.0,32.0,0
1065.0,215.0,217.0,292.0,52.0,977.0,45.0,0
848.0,190.0,124.0,180.0,50.0,766.0,40.0,0
1259.0,361.0,517.0,335.0,72.0,1101.0,83.0,0
730.0,137.0,153.0,236.0,19.0,669.0,34.0,0
1259.0,361.0,517.0,335.0,72.0,1101.0,83.0,0
764.0,129.0,125.0,170.0,27.0,704.0,27.0,0
730.0,137.0,153.0,236.0,19.0,669.0,34.0,0
1065.0,215.0,217.0,292.0,52.0,977.0,45.0,0
1259.0,361.0,517.0,335.0,72.0,1101.0,83.0,0
878.0,123.0,115.0,181.0,41.0,831.0,25.0,0
784.0,106.0,116.0,194.0,29.0,735.0,23.0,0
848.0,190.0,124.0,180.0,50.0,766.0,40.0,0
784.0,106.0,116.0,194.0,29.0,735.0,23.0,0
745.0,213.0,317.0,201.0,20.0,626.0,58.0,0
485.0,67.0,68.0,131.0,24.0,448.0,21.0,0
770.0,143.0,168.0,212.0,33.0,712.0,27.0,0
1179.0,213.0,95.0,138.0,71.0,1106.0,41.0,0
517.0,108.0,146.0,161.0,19.0,467.0,30.0,0
1019.0,153.0,163.0,246.0,38.0,950.0,36.0,0
1065.0,215.0,217.0,292.0,52.0,977.0,45.0,0
485.0,67.0,68.0,131.0,24.0,448.0,21.0,0
1019.0,153.0,163.0,246.0,38.0,950.0,36.0,0
985.0,161.0,166.0,198.0,47.0,915.0,35.0,0
1019.0,153.0,163.0,246.0,38.0,950.0,36.0,0
730.0,137.0,153.0,236.0,19.0,669.0,34.0,0
764.0,129.0,125.0,170.0,27.0,704.0,27.0,0
764.0,129.0,125.0,170.0,27.0,704.0,27.0,0
1065.0,215.0,217.0,292.0,52.0,977.0,45.0,0
1259.0,361.0,517.0,335.0,72.0,1101.0,83.0,0
985.0,161.0,166.0,198.0,47.0,915.0,35.0,0
764.0,129.0,125.0,170.0,27.0,704.0,27.0,0
730.0,137.0,153.0,236.0,19.0,669.0,34.0,0
848.0,190.0,124.0,180.0,50.0,766.0,40.0,0
1259.0,361.0,517.0,335.0,72.0,1101.0,83.0,0
764.0,129.0,125.0,170.0,27.0,704.0,27.0,0
1065.0,215.0,217.0,292.0,52.0,977.0,45.0,0
730.0,137.0,153.0,236.0,19.0,669.0,34.0,0
878.0,123.0,115.0,181.0,41.0,831.0,25.0,0
730.0,137.0,153.0,236.0,19.0,669.0,34.0,0
878.0,123.0,115.0,181.0,41.0,831.0,25.0,0
985.0,161.0,166.0,198.0,47.0,915.0,35.0,0
1376.0,429.0,613.0,359.0,48.0,1157.0,116.0,0
485.0,67.0,68.0,131.0,24.0,448.0,21.0,0
878.0,123.0,115.0,181.0,41.0,831.0,25.0,0
1376.0,429.0,613.0,359.0,48.0,1157.0,116.0,0
1376.0,429.0,613.0,359.0,48.0,1157.0,116.0,0
1123.0,218.0,282.0,345.0,48.0,1037.0,43.0,0
510.0,76.0,51.0,110.0,20.0,478.0,16.0,0
1179.0,213.0,95.0,138.0,71.0,1106.0,41.0,0
1179.0,213.0,95.0,138.0,71.0,1106.0,41.0,0
643.0,94.0,58.0,93.0,25.0,598.0,22.0,0
1376.0,429.0,613.0,359.0,48.0,1157.0,116.0,0
643.0,94.0,58.0,93.0,25.0,598.0,22.0,0
1376.0,429.0,613.0,359.0,48.0,1157.0,116.0,0
1259.0,361.0,517.0,335.0,72.0,1101.0,83.0,0
643.0,94.0,58.0,93.0,25.0,598.0,22.0,0
585.0,90.0,91.0,148.0,25.0,556.0,11.0,0
1123.0,218.0,282.0,345.0,48.0,1037.0,43.0,0
1190.0,208.0,76.0,141.0,61.0,1120.0,44.0,0
1190.0,208.0,76.0,141.0,61.0,1120.0,44.0,0
1190.0,208.0,76.0,141.0,61.0,1120.0,44.0,0
1179.0,213.0,95.0,138.0,71.0,1106.0,41.0,0
1179.0,213.0,95.0,138.0,71.0,1106.0,41.0,0
1179.0,213.0,95.0,138.0,71.0,1106.0,41.0,0
1179.0,213.0,95.0,138.0,71.0,1106.0,41.0,0
1179.0,213.0,95.0,138.0,71.0,1106.0,41.0,0
1179.0,213.0,95.0,138.0,71.0,1106.0,41.0,0
848.0,190.0,124.0,180.0,50.0,766.0,40.0,0
848.0,190.0,124.0,180.0,50.0,766.0,40.0,0
745.0,213.0,317.0,201.0,20.0,626.0,58.0,0
985.0,161.0,166.0,198.0,47.0,915.0,35.0,0
1259.0,361.0,517.0,335.0,72.0,1101.0,83.0,0
1376.0,429.0,613.0,359.0,48.0,1157.0,116.0,0
1190.0,208.0,76.0,141.0,61.0,1120.0,44.0,0
1376.0,429.0,613.0,359.0,48.0,1157.0,116.0,0
583.0,137.0,103.0,186.0,22.0,514.0,36.0,0
985.0,161.0,166.0,198.0,47.0,915.0,35.0,0
612.0,125.0,111.0,172.0,28.0,553.0,27.0,0
1053.0,231.0,261.0,290.0,44.0,965.0,43.0,0
612.0,125.0,111.0,172.0,28.0,553.0,27.0,0
612.0,125.0,111.0,172.0,28.0,553.0,27.0,0
585.0,90.0,91.0,148.0,25.0,556.0,11.0,0
1376.0,429.0,613.0,359.0,48.0,1157.0,116.0,0
1053.0,231.0,261.0,290.0,44.0,965.0,43.0,0
612.0,125.0,111.0,172.0,28.0,553.0,27.0,0
612.0,125.0,111.0,172.0,28.0,553.0,27.0,0
1123.0,218.0,282.0,345.0,48.0,1037.0,43.0,0
1123.0,218.0,282.0,345.0,48.0,1037.0,43.0,0
1123.0,218.0,282.0,345.0,48.0,1037.0,43.0,0
585.0,90.0,91.0,148.0,25.0,556.0,11.0,0
1123.0,218.0,282.0,345.0,48.0,1037.0,43.0,0
612.0,125.0,111.0,172.0,28.0,553.0,27.0,0
1123.0,218.0,282.0,345.0,48.0,1037.0,43.0,0
985.0,161.0,166.0,198.0,47.0,915.0,35.0,0
585.0,90.0,91.0,148.0,25.0,556.0,11.0,0
612.0,125.0,111.0,172.0,28.0,553.0,27.0,0
1376.0,429.0,613.0,359.0,48.0,1157.0,116.0,0
1123.0,218.0,282.0,345.0,48.0,1037.0,43.0,0
745.0,213.0,317.0,201.0,20.0,626.0,58.0,0
745.0,213.0,317.0,201.0,20.0,626.0,58.0,0
730.0,137.0,153.0,236.0,19.0,669.0,34.0,0
785.0,115.0,154.0,214.0,30.0,724.0,29.0,0
1190.0,208.0,76.0,141.0,61.0,1120.0,44.0,0
1190.0,208.0,76.0,141.0,61.0,1120.0,44.0,0
1179.0,213.0,95.0,138.0,71.0,1106.0,41.0,0
1179.0,213.0,95.0,138.0,71.0,1106.0,41.0,0
1376.0,429.0,613.0,359.0,48.0,1157.0,116.0,0
1259.0,361.0,517.0,335.0,72.0,1101.0,83.0,0
666.0,91.0,81.0,165.0,42.0,625.0,14.0,0
848.0,190.0,124.0,180.0,50.0,766.0,40.0,0
485.0,67.0,68.0,131.0,24.0,448.0,21.0,0
785.0,115.0,154.0,214.0,30.0,724.0,29.0,0
985.0,161.0,166.0,198.0,47.0,915.0,35.0,0
485.0,67.0,68.0,131.0,24.0,448.0,21.0,0
1190.0,208.0,76.0,141.0,61.0,1120.0,44.0,0
1190.0,208.0,76.0,141.0,61.0,1120.0,44.0,0
1179.0,213.0,95.0,138.0,71.0,1106.0,41.0,0
1179.0,213.0,95.0,138.0,71.0,1106.0,41.0,0
1190.0,208.0,76.0,141.0,61.0,1120.0,44.0,0
1179.0,213.0,95.0,138.0,71.0,1106.0,41.0,0
1376.0,429.0,613.0,359.0,48.0,1157.0,116.0,0
666.0,91.0,81.0,165.0,42.0,625.0,14.0,0
452.0,49.0,55.0,102.0,18.0,439.0,8.0,0
745.0,213.0,317.0,201.0,20.0,626.0,58.0,0
452.0,49.0,55.0,102.0,18.0,439.0,8.0,0
1259.0,361.0,517.0,335.0,72.0,1101.0,83.0,0
666.0,91.0,81.0,165.0,42.0,625.0,14.0,0
666.0,91.0,81.0,165.0,42.0,625.0,14.0,0
848.0,190.0,124.0,180.0,50.0,766.0,40.0,0
1376.0,429.0,613.0,359.0,48.0,1157.0,116.0,0
1053.0,231.0,261.0,290.0,44.0,965.0,43.0,0
1190.0,208.0,76.0,141.0,61.0,1120.0,44.0,0
585.0,90.0,91.0,148.0,25.0,556.0,11.0,0
1376.0,429.0,613.0,359.0,48.0,1157.0,116.0,0
1376.0,429.0,613.0,359.0,48.0,1157.0,116.0,0
985.0,161.0,166.0,198.0,47.0,915.0,35.0,0
1376.0,429.0,613.0,359.0,48.0,1157.0,116.0,0
1053.0,231.0,261.0,290.0,44.0,965.0,43.0,0
848.0,190.0,124.0,180.0,50.0,766.0,40.0,0
1053.0,231.0,261.0,290.0,44.0,965.0,43.0,0
1259.0,361.0,517.0,335.0,72.0,1101.0,83.0,0
1190.0,208.0,76.0,141.0,61.0,1120.0,44.0,0
1123.0,218.0,282.0,345.0,48.0,1037.0,43.0,0
1123.0,218.0,282.0,345.0,48.0,1037.0,43.0,0
1123.0,218.0,282.0,345.0,48.0,1037.0,43.0,0
730.0,137.0,153.0,236.0,19.0,669.0,34.0,0
1123.0,218.0,282.0,345.0,48.0,1037.0,43.0,0
1123.0,218.0,282.0,345.0,48.0,1037.0,43.0,0
676.0,76.0,88.0,151.0,30.0,639.0,17.0,0
1123.0,218.0,282.0,345.0,48.0,1037.0,43.0,0
848.0,190.0,124.0,180.0,50.0,766.0,40.0,0
676.0,76.0,88.0,151.0,30.0,639.0,17.0,0
730.0,137.0,153.0,236.0,19.0,669.0,34.0,0
1179.0,213.0,95.0,138.0,71.0,1106.0,41.0,0
1179.0,213.0,95.0,138.0,71.0,1106.0,41.0,0
676.0,76.0,88.0,151.0,30.0,639.0,17.0,0
985.0,161.0,166.0,198.0,47.0,915.0,35.0,0
730.0,137.0,153.0,236.0,19.0,669.0,34.0,0
1190.0,208.0,76.0,141.0,61.0,1120.0,44.0,0
1190.0,208.0,76.0,141.0,61.0,1120.0,44.0,0
1190.0,208.0,76.0,141.0,61.0,1120.0,44.0,0
1376.0,429.0,613.0,359.0,48.0,1157.0,116.0,0
985.0,161.0,166.0,198.0,47.0,915.0,35.0,0
676.0,76.0,88.0,151.0,30.0,639.0,17.0,0
784.0,106.0,116.0,194.0,29.0,735.0,23.0,0
985.0,161.0,166.0,198.0,47.0,915.0,35.0,0
676.0,76.0,88.0,151.0,30.0,639.0,17.0,0
924.0,136.0,120.0,224.0,36.0,864.0,31.0,0
1190.0,208.0,76.0,141.0,61.0,1120.0,44.0,0
1179.0,213.0,95.0,138.0,71.0,1106.0,41.0,0
1179.0,213.0,95.0,138.0,71.0,1106.0,41.0,0
1190.0,208.0,76.0,141.0,61.0,1120.0,44.0,0
1190.0,208.0,76.0,141.0,61.0,1120.0,44.0,0
1179.0,213.0,95.0,138.0,71.0,1106.0,41.0,0
924.0,136.0,120.0,224.0,36.0,864.0,31.0,0
585.0,90.0,91.0,148.0,25.0,556.0,11.0,0
676.0,76.0,88.0,151.0,30.0,639.0,17.0,0
1376.0,429.0,613.0,359.0,48.0,1157.0,116.0,0
583.0,137.0,103.0,186.0,22.0,514.0,36.0,0
676.0,76.0,88.0,151.0,30.0,639.0,17.0,0
784.0,106.0,116.0,194.0,29.0,735.0,23.0,0
585.0,90.0,91.0,148.0,25.0,556.0,11.0,0
784.0,106.0,116.0,194.0,29.0,735.0,23.0,0
784.0,106.0,116.0,194.0,29.0,735.0,23.0,0
985.0,161.0,166.0,198.0,47.0,915.0,35.0,0
831.0,138.0,134.0,217.0,30.0,775.0,36.0,0
612.0,125.0,111.0,172.0,28.0,553.0,27.0,0
676.0,76.0,88.0,151.0,30.0,639.0,17.0,0
745.0,213.0,317.0,201.0,20.0,626.0,58.0,0
666.0,91.0,81.0,165.0,42.0,625.0,14.0,0
585.0,90.0,91.0,148.0,25.0,556.0,11.0,0
612.0,125.0,111.0,172.0,28.0,553.0,27.0,0
730.0,137.0,153.0,236.0,19.0,669.0,34.0,0
676.0,76.0,88.0,151.0,30.0,639.0,17.0,0
1190.0,208.0,76.0,141.0,61.0,1120.0,44.0,0
666.0,91.0,81.0,165.0,42.0,625.0,14.0,0
831.0,138.0,134.0,217.0,30.0,775.0,36.0,0
1376.0,429.0,613.0,359.0,48.0,1157.0,116.0,0
612.0,125.0,111.0,172.0,28.0,553.0,27.0,0
612.0,125.0,111.0,172.0,28.0,553.0,27.0,0
612.0,125.0,111.0,172.0,28.0,553.0,27.0,0
666.0,91.0,81.0,165.0,42.0,625.0,14.0,0
666.0,91.0,81.0,165.0,42.0,625.0,14.0,0
612.0,125.0,111.0,172.0,28.0,553.0,27.0,0
612.0,125.0,111.0,172.0,28.0,553.0,27.0,0
876.0,157.0,229.0,261.0,57.0,810.0,35.0,0
1190.0,208.0,76.0,141.0,61.0,1120.0,44.0,0
1190.0,208.0,76.0,141.0,61.0,1120.0,44.0,0
1376.0,429.0,613.0,359.0,48.0,1157.0,116.0,0
730.0,137.0,153.0,236.0,19.0,669.0,34.0,0
1190.0,208.0,76.0,141.0,61.0,1120.0,44.0,0
1190.0,208.0,76.0,141.0,61.0,1120.0,44.0,0
1190.0,208.0,76.0,141.0,61.0,1120.0,44.0,0
1179.0,213.0,95.0,138.0,71.0,1106.0,41.0,0
1179.0,213.0,95.0,138.0,71.0,1106.0,41.0,0
1053.0,231.0,261.0,290.0,44.0,965.0,43.0,0
1376.0,429.0,613.0,359.0,48.0,1157.0,116.0,0
1190.0,208.0,76.0,141.0,61.0,1120.0,44.0,0
1190.0,208.0,76.0,141.0,61.0,1120.0,44.0,0
1190.0,208.0,76.0,141.0,61.0,1120.0,44.0,0
1179.0,213.0,95.0,138.0,71.0,1106.0,41.0,0
1179.0,213.0,95.0,138.0,71.0,1106.0,41.0,0
1179.0,213.0,95.0,138.0,71.0,1106.0,41.0,0
985.0,161.0,166.0,198.0,47.0,915.0,35.0,0
1053.0,231.0,261.0,290.0,44.0,965.0,43.0,0
853.0,138.0,113.0,190.0,32.0,799.0,31.0,0
583.0,137.0,103.0,186.0,22.0,514.0,36.0,0
778.0,170.0,163.0,257.0,51.0,705.0,37.0,0
1376.0,429.0,613.0,359.0,48.0,1157.0,116.0,0
745.0,213.0,317.0,201.0,20.0,626.0,58.0,0
778.0,170.0,163.0,257.0,51.0,705.0,37.0,0
848.0,190.0,124.0,180.0,50.0,766.0,40.0,0
848.0,190.0,124.0,180.0,50.0,766.0,40.0,0
848.0,190.0,124.0,180.0,50.0,766.0,40.0,0
876.0,157.0,229.0,261.0,57.0,810.0,35.0,0
876.0,157.0,229.0,261.0,57.0,810.0,35.0,0
985.0,161.0,166.0,198.0,47.0,915.0,35.0,0
1190.0,208.0,76.0,141.0,61.0,1120.0,44.0,0
876.0,157.0,229.0,261.0,57.0,810.0,35.0,0
730.0,137.0,153.0,236.0,19.0,669.0,34.0,0
947.0,140.0,124.0,234.0,44.0,884.0,30.0,0
876.0,157.0,229.0,261.0,57.0,810.0,35.0,0
730.0,137.0,153.0,236.0,19.0,669.0,34.0,0
848.0,190.0,124.0,180.0,50.0,766.0,40.0,0
848.0,190.0,124.0,180.0,50.0,766.0,40.0,0
853.0,138.0,113.0,190.0,32.0,799.0,31.0,0
924.0,136.0,120.0,224.0,36.0,864.0,31.0,0
575.0,88.0,68.0,138.0,24.0,529.0,20.0,0
741.0,116.0,120.0,188.0,46.0,699.0,24.0,0
848.0,190.0,124.0,180.0,50.0,766.0,40.0,0
848.0,190.0,124.0,180.0,50.0,766.0,40.0,0
848.0,190.0,124.0,180.0,50.0,766.0,40.0,0
924.0,136.0,120.0,224.0,36.0,864.0,31.0,0
1179.0,213.0,95.0,138.0,71.0,1106.0,41.0,0
1179.0,213.0,95.0,138.0,71.0,1106.0,41.0,0
1190.0,208.0,76.0,141.0,61.0,1120.0,44.0,0
1190.0,208.0,76.0,141.0,61.0,1120.0,44.0,0
1190.0,208.0,76.0,141.0,61.0,1120.0,44.0,0
853.0,138.0,113.0,190.0,32.0,799.0,31.0,0
848.0,190.0,124.0,180.0,50.0,766.0,40.0,0
741.0,116.0,120.0,188.0,46.0,699.0,24.0,0
585.0,90.0,91.0,148.0,25.0,556.0,11.0,0
947.0,140.0,124.0,234.0,44.0,884.0,30.0,0
848.0,190.0,124.0,180.0,50.0,766.0,40.0,0
1376.0,429.0,613.0,359.0,48.0,1157.0,116.0,0
585.0,90.0,91.0,148.0,25.0,556.0,11.0,0
1190.0,208.0,76.0,141.0,61.0,1120.0,44.0,0
1179.0,213.0,95.0,138.0,71.0,1106.0,41.0,0
1190.0,208.0,76.0,141.0,61.0,1120.0,44.0,0
1179.0,213.0,95.0,138.0,71.0,1106.0,41.0,0
1179.0,213.0,95.0,138.0,71.0,1106.0,41.0,0
1190.0,208.0,76.0,141.0,61.0,1120.0,44.0,0
1026.0,324.0,512.0,192.0,45.0,859.0,93.0,0
1057.0,300.0,430.0,254.0,55.0,904.0,90.0,0
853.0,138.0,113.0,190.0,32.0,799.0,31.0,0
848.0,190.0,124.0,180.0,50.0,766.0,40.0,0
848.0,190.0,124.0,180.0,50.0,766.0,40.0,0
583.0,137.0,103.0,186.0,22.0,514.0,36.0,0
583.0,137.0,103.0,186.0,22.0,514.0,36.0,0
583.0,137.0,103.0,186.0,22.0,514.0,36.0,0
583.0,137.0,103.0,186.0,22.0,514.0,36.0,0
1190.0,208.0,76.0,141.0,61.0,1120.0,44.0,0
1053.0,231.0,261.0,290.0,44.0,965.0,43.0,0
1026.0,324.0,512.0,192.0,45.0,859.0,93.0,0
741.0,116.0,120.0,188.0,46.0,699.0,24.0,0
583.0,137.0,103.0,186.0,22.0,514.0,36.0,0
583.0,137.0,103.0,186.0,22.0,514.0,36.0,0
583.0,137.0,103.0,186.0,22.0,514.0,36.0,0
1053.0,231.0,261.0,290.0,44.0,965.0,43.0,0
575.0,88.0,68.0,138.0,24.0,529.0,20.0,0
575.0,88.0,68.0,138.0,24.0,529.0,20.0,0
583.0,137.0,103.0,186.0,22.0,514.0,36.0,0
831.0,138.0,134.0,217.0,30.0,775.0,36.0,0
947.0,140.0,124.0,234.0,44.0,884.0,30.0,0
583.0,137.0,103.0,186.0,22.0,514.0,36.0,0
500.0,70.0,92.0,137.0,16.0,473.0,13.0,0
831.0,138.0,134.0,217.0,30.0,775.0,36.0,0
853.0,138.0,113.0,190.0,32.0,799.0,31.0,0
778.0,170.0,163.0,257.0,51.0,705.0,37.0,0
778.0,170.0,163.0,257.0,51.0,705.0,37.0,0
1190.0,208.0,76.0,141.0,61.0,1120.0,44.0,0
1190.0,208.0,76.0,141.0,61.0,1120.0,44.0,0
1190.0,208.0,76.0,141.0,61.0,1120.0,44.0,0
876.0,157.0,229.0,261.0,57.0,810.0,35.0,0
1179.0,213.0,95.0,138.0,71.0,1106.0,41.0,0
1179.0,213.0,95.0,138.0,71.0,1106.0,41.0,0
575.0,88.0,68.0,138.0,24.0,529.0,20.0,0
848.0,190.0,124.0,180.0,50.0,766.0,40.0,0
876.0,157.0,229.0,261.0,57.0,810.0,35.0,0
1026.0,324.0,512.0,192.0,45.0,859.0,93.0,0
876.0,157.0,229.0,261.0,57.0,810.0,35.0,0
876.0,157.0,229.0,261.0,57.0,810.0,35.0,0
730.0,137.0,153.0,236.0,19.0,669.0,34.0,0
583.0,137.0,103.0,186.0,22.0,514.0,36.0,0
1190.0,208.0,76.0,141.0,61.0,1120.0,44.0,0
1179.0,213.0,95.0,138.0,71.0,1106.0,41.0,0
1179.0,213.0,95.0,138.0,71.0,1106.0,41.0,0
1190.0,208.0,76.0,141.0,61.0,1120.0,44.0,0
1190.0,208.0,76.0,141.0,61.0,1120.0,44.0,0
853.0,138.0,113.0,190.0,32.0,799.0,31.0,0
831.0,138.0,134.0,217.0,30.0,775.0,36.0,0
730.0,137.0,153.0,236.0,19.0,669.0,34.0,0
500.0,70.0,92.0,137.0,16.0,473.0,13.0,0
575.0,88.0,68.0,138.0,24.0,529.0,20.0,0
583.0,137.0,103.0,186.0,22.0,514.0,36.0,0
1026.0,324.0,512.0,192.0,45.0,859.0,93.0,0
612.0,105.0,68.0,120.0,19.0,578.0,15.0,0
853.0,138.0,113.0,190.0,32.0,799.0,31.0,0
924.0,136.0,120.0,224.0,36.0,864.0,31.0,0
1026.0,324.0,512.0,192.0,45.0,859.0,93.0,0
1026.0,324.0,512.0,192.0,45.0,859.0,93.0,0
500.0,70.0,92.0,137.0,16.0,473.0,13.0,0
853.0,138.0,113.0,190.0,32.0,799.0,31.0,0
1190.0,208.0,76.0,141.0,61.0,1120.0,44.0,0
1026.0,324.0,512.0,192.0,45.0,859.0,93.0,0
853.0,138.0,113.0,190.0,32.0,799.0,31.0,0
947.0,140.0,124.0,234.0,44.0,884.0,30.0,0
924.0,136.0,120.0,224.0,36.0,864.0,31.0,0
581.0,88.0,52.0,135.0,14.0,547.0,15.0,0
848.0,190.0,124.0,180.0,50.0,766.0,40.0,0
848.0,190.0,124.0,180.0,50.0,766.0,40.0,0
947.0,140.0,124.0,234.0,44.0,884.0,30.0,0
947.0,140.0,124.0,234.0,44.0,884.0,30.0,0
1190.0,208.0,76.0,141.0,61.0,1120.0,44.0,0
1190.0,208.0,76.0,141.0,61.0,1120.0,44.0,0
1190.0,208.0,76.0,141.0,61.0,1120.0,44.0,0
575.0,88.0,68.0,138.0,24.0,529.0,20.0,0
924.0,136.0,120.0,224.0,36.0,864.0,31.0,0
876.0,157.0,229.0,261.0,57.0,810.0,35.0,0
924.0,136.0,120.0,224.0,36.0,864.0,31.0,0
1057.0,300.0,430.0,254.0,55.0,904.0,90.0,0
785.0,115.0,154.0,214.0,30.0,724.0,29.0,0
876.0,157.0,229.0,261.0,57.0,810.0,35.0,0
730.0,137.0,153.0,236.0,19.0,669.0,34.0,0
1057.0,300.0,430.0,254.0,55.0,904.0,90.0,0
947.0,140.0,124.0,234.0,44.0,884.0,30.0,0
947.0,140.0,124.0,234.0,44.0,884.0,30.0,0
1179.0,213.0,95.0,138.0,71.0,1106.0,41.0,0
1179.0,213.0,95.0,138.0,71.0,1106.0,41.0,0
691.0,108.0,97.0,167.0,29.0,648.0,21.0,0
848.0,190.0,124.0,180.0,50.0,766.0,40.0,0
848.0,190.0,124.0,180.0,50.0,766.0,40.0,0
785.0,115.0,154.0,214.0,30.0,724.0,29.0,0
12.0,1.0,3.0,0.0,3.0,12.0,0.0,0
831.0,138.0,134.0,217.0,30.0,775.0,36.0,0
1026.0,324.0,512.0,192.0,45.0,859.0,93.0,0
1026.0,324.0,512.0,192.0,45.0,859.0,93.0,0
1057.0,300.0,430.0,254.0,55.0,904.0,90.0,0
1053.0,231.0,261.0,290.0,44.0,965.0,43.0,0
691.0,108.0,97.0,167.0,29.0,648.0,21.0,0
575.0,88.0,68.0,138.0,24.0,529.0,20.0,0
831.0,138.0,134.0,217.0,30.0,775.0,36.0,0
848.0,190.0,124.0,180.0,50.0,766.0,40.0,0
848.0,190.0,124.0,180.0,50.0,766.0,40.0,0
947.0,140.0,124.0,234.0,44.0,884.0,30.0,0
848.0,190.0,124.0,180.0,50.0,766.0,40.0,0
1026.0,324.0,512.0,192.0,45.0,859.0,93.0,0
1026.0,324.0,512.0,192.0,45.0,859.0,93.0,0
1026.0,324.0,512.0,192.0,45.0,859.0,93.0,0
1053.0,231.0,261.0,290.0,44.0,965.0,43.0,0
924.0,136.0,120.0,224.0,36.0,864.0,31.0,0
848.0,190.0,124.0,180.0,50.0,766.0,40.0,0
620.0,101.0,79.0,156.0,29.0,577.0,22.0,0
778.0,170.0,163.0,257.0,51.0,705.0,37.0,0
947.0,140.0,124.0,234.0,44.0,884.0,30.0,0
1190.0,208.0,76.0,141.0,61.0,1120.0,44.0,0
1057.0,300.0,430.0,254.0,55.0,904.0,90.0,0
500.0,70.0,92.0,137.0,16.0,473.0,13.0,0
924.0,136.0,120.0,224.0,36.0,864.0,31.0,0
778.0,170.0,163.0,257.0,51.0,705.0,37.0,0
1057.0,300.0,430.0,254.0,55.0,904.0,90.0,0
1026.0,324.0,512.0,192.0,45.0,859.0,93.0,0
1057.0,300.0,430.0,254.0,55.0,904.0,90.0,0
1179.0,213.0,95.0,138.0,71.0,1106.0,41.0,0
691.0,108.0,97.0,167.0,29.0,648.0,21.0,0
1190.0,208.0,76.0,141.0,61.0,1120.0,44.0,0
1190.0,208.0,76.0,141.0,61.0,1120.0,44.0,0
581.0,88.0,52.0,135.0,14.0,547.0,15.0,0
754.0,133.0,177.0,246.0,13.0,708.0,24.0,0
963.0,204.0,204.0,278.0,28.0,868.0,41.0,0
691.0,108.0,97.0,167.0,29.0,648.0,21.0,0
848.0,190.0,124.0,180.0,50.0,766.0,40.0,0
1057.0,300.0,430.0,254.0,55.0,904.0,90.0,0
963.0,204.0,204.0,278.0,28.0,868.0,41.0,0
754.0,133.0,177.0,246.0,13.0,708.0,24.0,0
1179.0,213.0,95.0,138.0,71.0,1106.0,41.0,0
1190.0,208.0,76.0,141.0,61.0,1120.0,44.0,0
1179.0,213.0,95.0,138.0,71.0,1106.0,41.0,0
1255.0,280.0,295.0,263.0,37.0,1121.0,67.0,0
1179.0,213.0,95.0,138.0,71.0,1106.0,41.0,0
963.0,204.0,204.0,278.0,28.0,868.0,41.0,0
691.0,108.0,97.0,167.0,29.0,648.0,21.0,0
848.0,190.0,124.0,180.0,50.0,766.0,40.0,0
831.0,138.0,134.0,217.0,30.0,775.0,36.0,0
741.0,116.0,120.0,188.0,46.0,699.0,24.0,0
741.0,116.0,120.0,188.0,46.0,699.0,24.0,0
1057.0,300.0,430.0,254.0,55.0,904.0,90.0,0
831.0,138.0,134.0,217.0,30.0,775.0,36.0,0
963.0,204.0,204.0,278.0,28.0,868.0,41.0,0
1057.0,300.0,430.0,254.0,55.0,904.0,90.0,0
581.0,88.0,52.0,135.0,14.0,547.0,15.0,0
963.0,204.0,204.0,278.0,28.0,868.0,41.0,0
1255.0,280.0,295.0,263.0,37.0,1121.0,67.0,0
963.0,204.0,204.0,278.0,28.0,868.0,41.0,0
963.0,204.0,204.0,278.0,28.0,868.0,41.0,0
620.0,101.0,79.0,156.0,29.0,577.0,22.0,0
963.0,204.0,204.0,278.0,28.0,868.0,41.0,0
963.0,204.0,204.0,278.0,28.0,868.0,41.0,0
581.0,88.0,52.0,135.0,14.0,547.0,15.0,0
848.0,190.0,124.0,180.0,50.0,766.0,40.0,0
848.0,190.0,124.0,180.0,50.0,766.0,40.0,0
1057.0,300.0,430.0,254.0,55.0,904.0,90.0,0
1255.0,280.0,295.0,263.0,37.0,1121.0,67.0,0
831.0,138.0,134.0,217.0,30.0,775.0,36.0,0
963.0,204.0,204.0,278.0,28.0,868.0,41.0,0
620.0,101.0,79.0,156.0,29.0,577.0,22.0,0
963.0,204.0,204.0,278.0,28.0,868.0,41.0,0
963.0,204.0,204.0,278.0,28.0,868.0,41.0,0
1057.0,300.0,430.0,254.0,55.0,904.0,90.0,0
12.0,1.0,3.0,0.0,3.0,12.0,0.0,0
848.0,190.0,124.0,180.0,50.0,766.0,40.0,0
963.0,204.0,204.0,278.0,28.0,868.0,41.0,0
620.0,101.0,79.0,156.0,29.0,577.0,22.0,0
1016.0,184.0,141.0,261.0,50.0,945.0,38.0,0
581.0,88.0,52.0,135.0,14.0,547.0,15.0,0
519.0,65.0,73.0,119.0,9.0,484.0,14.0,0
848.0,190.0,124.0,180.0,50.0,766.0,40.0,0
620.0,101.0,79.0,156.0,29.0,577.0,22.0,0
963.0,204.0,204.0,278.0,28.0,868.0,41.0,0
571.0,77.0,65.0,146.0,18.0,534.0,21.0,0
1057.0,300.0,430.0,254.0,55.0,904.0,90.0,0
963.0,204.0,204.0,278.0,28.0,868.0,41.0,0
1255.0,280.0,295.0,263.0,37.0,1121.0,67.0,0
1057.0,300.0,430.0,254.0,55.0,904.0,90.0,0
691.0,108.0,97.0,167.0,29.0,648.0,21.0,0
924.0,136.0,120.0,224.0,36.0,864.0,31.0,0
806.0,143.0,147.0,230.0,31.0,739.0,29.0,0
806.0,143.0,147.0,230.0,31.0,739.0,29.0,0
806.0,143.0,147.0,230.0,31.0,739.0,29.0,0
12.0,1.0,3.0,0.0,3.0,12.0,0.0,0
1255.0,280.0,295.0,263.0,37.0,1121.0,67.0,0
963.0,204.0,204.0,278.0,28.0,868.0,41.0,0
691.0,108.0,97.0,167.0,29.0,648.0,21.0,0
806.0,143.0,147.0,230.0,31.0,739.0,29.0,0
754.0,133.0,177.0,246.0,13.0,708.0,24.0,0
963.0,204.0,204.0,278.0,28.0,868.0,41.0,0
620.0,101.0,79.0,156.0,29.0,577.0,22.0,0
754.0,133.0,177.0,246.0,13.0,708.0,24.0,0
1255.0,280.0,295.0,263.0,37.0,1121.0,67.0,0
963.0,204.0,204.0,278.0,28.0,868.0,41.0,0
620.0,101.0,79.0,156.0,29.0,577.0,22.0,0
963.0,204.0,204.0,278.0,28.0,868.0,41.0,0
1016.0,184.0,141.0,261.0,50.0,945.0,38.0,0
1016.0,184.0,141.0,261.0,50.0,945.0,38.0,0
963.0,204.0,204.0,278.0,28.0,868.0,41.0,0
963.0,204.0,204.0,278.0,28.0,868.0,41.0,0
828.0,204.0,300.0,243.0,54.0,734.0,49.0,0
620.0,101.0,79.0,156.0,29.0,577.0,22.0,0
1016.0,184.0,141.0,261.0,50.0,945.0,38.0,0
1365.0,507.0,552.0,278.0,74.0,1101.0,149.0,0
741.0,116.0,120.0,188.0,46.0,699.0,24.0,0
1255.0,280.0,295.0,263.0,37.0,1121.0,67.0,0
581.0,88.0,52.0,135.0,14.0,547.0,15.0,0
1016.0,184.0,141.0,261.0,50.0,945.0,38.0,0
703.0,127.0,83.0,134.0,34.0,651.0,15.0,0
882.0,138.0,175.0,199.0,33.0,803.0,40.0,0
1255.0,280.0,295.0,263.0,37.0,1121.0,67.0,0
691.0,108.0,97.0,167.0,29.0,648.0,21.0,0
1016.0,184.0,141.0,261.0,50.0,945.0,38.0,0
924.0,136.0,120.0,224.0,36.0,864.0,31.0,0
924.0,136.0,120.0,224.0,36.0,864.0,31.0,0
691.0,108.0,97.0,167.0,29.0,648.0,21.0,0
1255.0,280.0,295.0,263.0,37.0,1121.0,67.0,0
519.0,65.0,73.0,119.0,9.0,484.0,14.0,0
806.0,143.0,147.0,230.0,31.0,739.0,29.0,0
664.0,104.0,103.0,154.0,30.0,610.0,18.0,0
806.0,143.0,147.0,230.0,31.0,739.0,29.0,0
750.0,132.0,150.0,181.0,27.0,696.0,25.0,0
806.0,143.0,147.0,230.0,31.0,739.0,29.0,0
504.0,81.0,54.0,118.0,14.0,474.0,16.0,0
1255.0,280.0,295.0,263.0,37.0,1121.0,67.0,0
806.0,143.0,147.0,230.0,31.0,739.0,29.0,0
1016.0,184.0,141.0,261.0,50.0,945.0,38.0,0
1016.0,184.0,141.0,261.0,50.0,945.0,38.0,0
808.0,156.0,179.0,251.0,37.0,738.0,40.0,0
504.0,81.0,54.0,118.0,14.0,474.0,16.0,0
808.0,156.0,179.0,251.0,37.0,738.0,40.0,0
470.0,78.0,118.0,145.0,18.0,433.0,20.0,0
504.0,81.0,54.0,118.0,14.0,474.0,16.0,0
470.0,78.0,118.0,145.0,18.0,433.0,20.0,0
581.0,88.0,52.0,135.0,14.0,547.0,15.0,0
1373.0,4.0,749.0,290.0,65.0,1315.0,58.0,0
470.0,78.0,118.0,145.0,18.0,433.0,20.0,0
411.0,68.0,29.0,77.0,24.0,380.0,18.0,0
990.0,218.0,268.0,332.0,43.0,889.0,50.0,0
411.0,68.0,29.0,77.0,24.0,380.0,18.0,0
1016.0,184.0,141.0,261.0,50.0,945.0,38.0,0
1255.0,280.0,295.0,263.0,37.0,1121.0,67.0,0
691.0,108.0,97.0,167.0,29.0,648.0,21.0,0
1016.0,184.0,141.0,261.0,50.0,945.0,38.0,0
1016.0,184.0,141.0,261.0,50.0,945.0,38.0,0
1016.0,184.0,141.0,261.0,50.0,945.0,38.0,0
664.0,104.0,103.0,154.0,30.0,610.0,18.0,0
664.0,104.0,103.0,154.0,30.0,610.0,18.0,0
1255.0,280.0,295.0,263.0,37.0,1121.0,67.0,0
1016.0,184.0,141.0,261.0,50.0,945.0,38.0,0
1016.0,184.0,141.0,261.0,50.0,945.0,38.0,0
411.0,68.0,29.0,77.0,24.0,380.0,18.0,0
504.0,81.0,54.0,118.0,14.0,474.0,16.0,0
750.0,132.0,150.0,181.0,27.0,696.0,25.0,0
1016.0,184.0,141.0,261.0,50.0,945.0,38.0,0
1016.0,184.0,141.0,261.0,50.0,945.0,38.0,0
750.0,132.0,150.0,181.0,27.0,696.0,25.0,0
519.0,65.0,73.0,119.0,9.0,484.0,14.0,0
750.0,132.0,150.0,181.0,27.0,696.0,25.0,0
519.0,65.0,73.0,119.0,9.0,484.0,14.0,0
1016.0,184.0,141.0,261.0,50.0,945.0,38.0,0
519.0,65.0,73.0,119.0,9.0,484.0,14.0,0
882.0,138.0,175.0,199.0,33.0,803.0,40.0,0
519.0,65.0,73.0,119.0,9.0,484.0,14.0,0
519.0,65.0,73.0,119.0,9.0,484.0,14.0,0
750.0,132.0,150.0,181.0,27.0,696.0,25.0,0
1016.0,184.0,141.0,261.0,50.0,945.0,38.0,0
1016.0,184.0,141.0,261.0,50.0,945.0,38.0,0
1016.0,184.0,141.0,261.0,50.0,945.0,38.0,0
1016.0,184.0,141.0,261.0,50.0,945.0,38.0,0
519.0,65.0,73.0,119.0,9.0,484.0,14.0,0
571.0,77.0,65.0,146.0,18.0,534.0,21.0,0
808.0,156.0,179.0,251.0,37.0,738.0,40.0,0
504.0,81.0,54.0,118.0,14.0,474.0,16.0,0
808.0,156.0,179.0,251.0,37.0,738.0,40.0,0
882.0,138.0,175.0,199.0,33.0,803.0,40.0,0
470.0,78.0,118.0,145.0,18.0,433.0,20.0,0
1016.0,184.0,141.0,261.0,50.0,945.0,38.0,0
949.0,165.0,106.0,170.0,31.0,862.0,44.0,0
949.0,165.0,106.0,170.0,31.0,862.0,44.0,0
1373.0,4.0,749.0,290.0,65.0,1315.0,58.0,0
470.0,78.0,118.0,145.0,18.0,433.0,20.0,0
470.0,78.0,118.0,145.0,18.0,433.0,20.0,0
990.0,218.0,268.0,332.0,43.0,889.0,50.0,0
1016.0,184.0,141.0,261.0,50.0,945.0,38.0,0
882.0,138.0,175.0,199.0,33.0,803.0,40.0,0
1255.0,280.0,295.0,263.0,37.0,1121.0,67.0,0
1255.0,280.0,295.0,263.0,37.0,1121.0,67.0,0
949.0,165.0,106.0,170.0,31.0,862.0,44.0,0
1016.0,184.0,141.0,261.0,50.0,945.0,38.0,0
882.0,138.0,175.0,199.0,33.0,803.0,40.0,0
1255.0,280.0,295.0,263.0,37.0,1121.0,67.0,0
882.0,138.0,175.0,199.0,33.0,803.0,40.0,0
1016.0,184.0,141.0,261.0,50.0,945.0,38.0,0
1016.0,184.0,141.0,261.0,50.0,945.0,38.0,0
882.0,138.0,175.0,199.0,33.0,803.0,40.0,0
664.0,104.0,103.0,154.0,30.0,610.0,18.0,0
664.0,104.0,103.0,154.0,30.0,610.0,18.0,0
794.0,104.0,122.0,175.0,38.0,736.0,27.0,0
882.0,138.0,175.0,199.0,33.0,803.0,40.0,0
750.0,132.0,150.0,181.0,27.0,696.0,25.0,0
750.0,132.0,150.0,181.0,27.0,696.0,25.0,0
882.0,138.0,175.0,199.0,33.0,803.0,40.0,0
750.0,132.0,150.0,181.0,27.0,696.0,25.0,0
882.0,138.0,175.0,199.0,33.0,803.0,40.0,0
750.0,132.0,150.0,181.0,27.0,696.0,25.0,0
571.0,77.0,65.0,146.0,18.0,534.0,21.0,0
794.0,104.0,122.0,175.0,38.0,736.0,27.0,0
882.0,138.0,175.0,199.0,33.0,803.0,40.0,0
808.0,156.0,179.0,251.0,37.0,738.0,40.0,0
949.0,165.0,106.0,170.0,31.0,862.0,44.0,0
808.0,156.0,179.0,251.0,37.0,738.0,40.0,0
470.0,78.0,118.0,145.0,18.0,433.0,20.0,0
882.0,138.0,175.0,199.0,33.0,803.0,40.0,0
949.0,165.0,106.0,170.0,31.0,862.0,44.0,0
794.0,104.0,122.0,175.0,38.0,736.0,27.0,0
5.0,0.0,4.0,0.0,0.0,3.0,2.0,0
1365.0,507.0,552.0,278.0,74.0,1101.0,149.0,0
470.0,78.0,118.0,145.0,18.0,433.0,20.0,0
470.0,78.0,118.0,145.0,18.0,433.0,20.0,0
990.0,218.0,268.0,332.0,43.0,889.0,50.0,0
794.0,104.0,122.0,175.0,38.0,736.0,27.0,0
1016.0,184.0,141.0,261.0,50.0,945.0,38.0,0
882.0,138.0,175.0,199.0,33.0,803.0,40.0,0
794.0,104.0,122.0,175.0,38.0,736.0,27.0,0
949.0,165.0,106.0,170.0,31.0,862.0,44.0,0
882.0,138.0,175.0,199.0,33.0,803.0,40.0,0
794.0,104.0,122.0,175.0,38.0,736.0,27.0,0
882.0,138.0,175.0,199.0,33.0,803.0,40.0,0
571.0,77.0,65.0,146.0,18.0,534.0,21.0,0
1179.0,213.0,95.0,138.0,71.0,1106.0,41.0,0
750.0,132.0,150.0,181.0,27.0,696.0,25.0,0
750.0,132.0,150.0,181.0,27.0,696.0,25.0,0
571.0,77.0,65.0,146.0,18.0,534.0,21.0,0
664.0,104.0,103.0,154.0,30.0,610.0,18.0,0
750.0,132.0,150.0,181.0,27.0,696.0,25.0,0
750.0,132.0,150.0,181.0,27.0,696.0,25.0,0
794.0,104.0,122.0,175.0,38.0,736.0,27.0,0
664.0,104.0,103.0,154.0,30.0,610.0,18.0,0
750.0,132.0,150.0,181.0,27.0,696.0,25.0,0
750.0,132.0,150.0,181.0,27.0,696.0,25.0,0
664.0,104.0,103.0,154.0,30.0,610.0,18.0,0
808.0,156.0,179.0,251.0,37.0,738.0,40.0,0
757.0,161.0,179.0,183.0,27.0,696.0,32.0,0
1179.0,213.0,95.0,138.0,71.0,1106.0,41.0,0
808.0,156.0,179.0,251.0,37.0,738.0,40.0,0
634.0,87.0,102.0,184.0,22.0,593.0,24.0,0
794.0,104.0,122.0,175.0,38.0,736.0,27.0,0
498.0,72.0,75.0,123.0,17.0,459.0,18.0,0
1016.0,184.0,141.0,261.0,50.0,945.0,38.0,0
470.0,78.0,118.0,145.0,18.0,433.0,20.0,0
846.0,141.0,110.0,173.0,36.0,787.0,26.0,0
846.0,141.0,110.0,173.0,36.0,787.0,26.0,0
634.0,87.0,102.0,184.0,22.0,593.0,24.0,0
794.0,104.0,122.0,175.0,38.0,736.0,27.0,0
470.0,78.0,118.0,145.0,18.0,433.0,20.0,0
470.0,78.0,118.0,145.0,18.0,433.0,20.0,0
1045.0,206.0,250.0,314.0,47.0,941.0,57.0,0
498.0,72.0,75.0,123.0,17.0,459.0,18.0,0
634.0,87.0,102.0,184.0,22.0,593.0,24.0,0
498.0,72.0,75.0,123.0,17.0,459.0,18.0,0
634.0,87.0,102.0,184.0,22.0,593.0,24.0,0
5.0,0.0,4.0,0.0,0.0,3.0,2.0,0
668.0,82.0,76.0,210.0,17.0,627.0,17.0,0
5.0,0.0,4.0,0.0,0.0,3.0,2.0,0
668.0,82.0,76.0,210.0,17.0,627.0,17.0,0
1179.0,213.0,95.0,138.0,71.0,1106.0,41.0,0
846.0,141.0,110.0,173.0,36.0,787.0,26.0,0
757.0,161.0,179.0,183.0,27.0,696.0,32.0,0
757.0,161.0,179.0,183.0,27.0,696.0,32.0,0
704.0,91.0,131.0,218.0,10.0,660.0,24.0,0
757.0,161.0,179.0,183.0,27.0,696.0,32.0,0
704.0,91.0,131.0,218.0,10.0,660.0,24.0,0
757.0,161.0,179.0,183.0,27.0,696.0,32.0,0
757.0,161.0,179.0,183.0,27.0,696.0,32.0,0
704.0,91.0,131.0,218.0,10.0,660.0,24.0,0
846.0,141.0,110.0,173.0,36.0,787.0,26.0,0
757.0,161.0,179.0,183.0,27.0,696.0,32.0,0
757.0,161.0,179.0,183.0,27.0,696.0,32.0,0
841.0,125.0,121.0,260.0,16.0,803.0,13.0,0
634.0,87.0,102.0,184.0,22.0,593.0,24.0,0
757.0,161.0,179.0,183.0,27.0,696.0,32.0,0
757.0,161.0,179.0,183.0,27.0,696.0,32.0,0
634.0,87.0,102.0,184.0,22.0,593.0,24.0,0
757.0,161.0,179.0,183.0,27.0,696.0,32.0,0
846.0,141.0,110.0,173.0,36.0,787.0,26.0,0
358.0,50.0,42.0,78.0,10.0,331.0,18.0,0
841.0,125.0,121.0,260.0,16.0,803.0,13.0,0
794.0,104.0,122.0,175.0,38.0,736.0,27.0,0
5.0,0.0,4.0,0.0,0.0,3.0,2.0,0
5.0,0.0,4.0,0.0,0.0,3.0,2.0,0
5.0,0.0,4.0,0.0,0.0,3.0,2.0,0
634.0,87.0,102.0,184.0,22.0,593.0,24.0,0
5.0,0.0,4.0,0.0,0.0,3.0,2.0,0
358.0,50.0,42.0,78.0,10.0,331.0,18.0,0
634.0,87.0,102.0,184.0,22.0,593.0,24.0,0
668.0,82.0,76.0,210.0,17.0,627.0,17.0,0
5.0,0.0,4.0,0.0,0.0,3.0,2.0,0
5.0,0.0,4.0,0.0,0.0,3.0,2.0,0
5.0,0.0,4.0,0.0,0.0,3.0,2.0,0
668.0,82.0,76.0,210.0,17.0,627.0,17.0,0
846.0,141.0,110.0,173.0,36.0,787.0,26.0,0
704.0,91.0,131.0,218.0,10.0,660.0,24.0,0
704.0,91.0,131.0,218.0,10.0,660.0,24.0,0
704.0,91.0,131.0,218.0,10.0,660.0,24.0,0
846.0,141.0,110.0,173.0,36.0,787.0,26.0,0
841.0,125.0,121.0,260.0,16.0,803.0,13.0,0
841.0,125.0,121.0,260.0,16.0,803.0,13.0,0
841.0,125.0,121.0,260.0,16.0,803.0,13.0,0
322.0,32.0,47.0,82.0,9.0,304.0,12.0,0
841.0,125.0,121.0,260.0,16.0,803.0,13.0,0
665.0,95.0,112.0,147.0,23.0,627.0,19.0,0
841.0,125.0,121.0,260.0,16.0,803.0,13.0,0
846.0,141.0,110.0,173.0,36.0,787.0,26.0,0
846.0,141.0,110.0,173.0,36.0,787.0,26.0,0
841.0,125.0,121.0,260.0,16.0,803.0,13.0,0
841.0,125.0,121.0,260.0,16.0,803.0,13.0,0
322.0,32.0,47.0,82.0,9.0,304.0,12.0,0
794.0,104.0,122.0,175.0,38.0,736.0,27.0,0
1045.0,206.0,250.0,314.0,47.0,941.0,57.0,0
665.0,95.0,112.0,147.0,23.0,627.0,19.0,0
322.0,32.0,47.0,82.0,9.0,304.0,12.0,0
665.0,95.0,112.0,147.0,23.0,627.0,19.0,0
794.0,104.0,122.0,175.0,38.0,736.0,27.0,0
322.0,32.0,47.0,82.0,9.0,304.0,12.0,0
743.0,121.0,115.0,203.0,26.0,691.0,32.0,0
1179.0,213.0,95.0,138.0,71.0,1106.0,41.0,0
668.0,82.0,76.0,210.0,17.0,627.0,17.0,0
1124.0,358.0,407.0,236.0,94.0,940.0,110.0,0
1365.0,507.0,552.0,278.0,74.0,1101.0,149.0,0
668.0,82.0,76.0,210.0,17.0,627.0,17.0,0
743.0,121.0,115.0,203.0,26.0,691.0,32.0,0
411.0,50.0,41.0,90.0,8.0,390.0,10.0,0
743.0,121.0,115.0,203.0,26.0,691.0,32.0,0
743.0,121.0,115.0,203.0,26.0,691.0,32.0,0
665.0,95.0,112.0,147.0,23.0,627.0,19.0,0
665.0,95.0,112.0,147.0,23.0,627.0,19.0,0
743.0,121.0,115.0,203.0,26.0,691.0,32.0,0
665.0,95.0,112.0,147.0,23.0,627.0,19.0,0
704.0,91.0,131.0,218.0,10.0,660.0,24.0,0
1016.0,184.0,141.0,261.0,50.0,945.0,38.0,0
1016.0,184.0,141.0,261.0,50.0,945.0,38.0,0
743.0,121.0,115.0,203.0,26.0,691.0,32.0,0
672.0,78.0,77.0,148.0,26.0,640.0,16.0,0
743.0,121.0,115.0,203.0,26.0,691.0,32.0,0
672.0,78.0,77.0,148.0,26.0,640.0,16.0,0
743.0,121.0,115.0,203.0,26.0,691.0,32.0,0
411.0,50.0,41.0,90.0,8.0,390.0,10.0,0
743.0,121.0,115.0,203.0,26.0,691.0,32.0,0
672.0,78.0,77.0,148.0,26.0,640.0,16.0,0
704.0,91.0,131.0,218.0,10.0,660.0,24.0,0
672.0,78.0,77.0,148.0,26.0,640.0,16.0,0
411.0,50.0,41.0,90.0,8.0,390.0,10.0,0
743.0,121.0,115.0,203.0,26.0,691.0,32.0,0
5.0,0.0,4.0,0.0,0.0,3.0,2.0,0
794.0,104.0,122.0,175.0,38.0,736.0,27.0,0
1365.0,507.0,552.0,278.0,74.0,1101.0,149.0,0
5.0,0.0,4.0,0.0,0.0,3.0,2.0,0
5.0,0.0,4.0,0.0,0.0,3.0,2.0,0
5.0,0.0,4.0,0.0,0.0,3.0,2.0,0
5.0,0.0,4.0,0.0,0.0,3.0,2.0,0
411.0,50.0,41.0,90.0,8.0,390.0,10.0,0
668.0,82.0,76.0,210.0,17.0,627.0,17.0,0
1365.0,507.0,552.0,278.0,74.0,1101.0,149.0,0
794.0,104.0,122.0,175.0,38.0,736.0,27.0,0
634.0,87.0,102.0,184.0,22.0,593.0,24.0,0
634.0,87.0,102.0,184.0,22.0,593.0,24.0,0
634.0,87.0,102.0,184.0,22.0,593.0,24.0,0
668.0,82.0,76.0,210.0,17.0,627.0,17.0,0
743.0,121.0,115.0,203.0,26.0,691.0,32.0,0
743.0,121.0,115.0,203.0,26.0,691.0,32.0,0
427.0,35.0,33.0,85.0,4.0,408.0,6.0,0
511.0,86.0,64.0,109.0,13.0,476.0,14.0,0
511.0,86.0,64.0,109.0,13.0,476.0,14.0,0
743.0,121.0,115.0,203.0,26.0,691.0,32.0,0
704.0,91.0,131.0,218.0,10.0,660.0,24.0,0
743.0,121.0,115.0,203.0,26.0,691.0,32.0,0
1124.0,358.0,407.0,236.0,94.0,940.0,110.0,0
5.0,0.0,4.0,0.0,0.0,3.0,2.0,0
349.0,51.0,31.0,77.0,5.0,321.0,12.0,0
743.0,121.0,115.0,203.0,26.0,691.0,32.0,0
511.0,86.0,64.0,109.0,13.0,476.0,14.0,0
704.0,91.0,131.0,218.0,10.0,660.0,24.0,0
739.0,88.0,73.0,147.0,55.0,690.0,29.0,0
743.0,121.0,115.0,203.0,26.0,691.0,32.0,0
739.0,88.0,73.0,147.0,55.0,690.0,29.0,0
743.0,121.0,115.0,203.0,26.0,691.0,32.0,0
5.0,0.0,4.0,0.0,0.0,3.0,2.0,0
5.0,0.0,4.0,0.0,0.0,3.0,2.0,0
349.0,51.0,31.0,77.0,5.0,321.0,12.0,0
352.0,49.0,26.0,64.0,10.0,324.0,11.0,0
739.0,88.0,73.0,147.0,55.0,690.0,29.0,0
772.0,146.0,192.0,220.0,41.0,717.0,27.0,0
511.0,86.0,64.0,109.0,13.0,476.0,14.0,0
739.0,88.0,73.0,147.0,55.0,690.0,29.0,0
1314.0,382.0,569.0,236.0,110.0,1133.0,85.0,0
637.0,92.0,124.0,175.0,18.0,570.0,30.0,0
511.0,86.0,64.0,109.0,13.0,476.0,14.0,0
349.0,51.0,31.0,77.0,5.0,321.0,12.0,0
391.0,33.0,42.0,85.0,9.0,376.0,7.0,0
5.0,0.0,4.0,0.0,0.0,3.0,2.0,0
5.0,0.0,4.0,0.0,0.0,3.0,2.0,0
5.0,0.0,4.0,0.0,0.0,3.0,2.0,0
352.0,49.0,26.0,64.0,10.0,324.0,11.0,0
739.0,88.0,73.0,147.0,55.0,690.0,29.0,0
427.0,35.0,33.0,85.0,4.0,408.0,6.0,0
739.0,88.0,73.0,147.0,55.0,690.0,29.0,0
427.0,35.0,33.0,85.0,4.0,408.0,6.0,0
466.0,56.0,67.0,108.0,20.0,442.0,15.0,0
5.0,0.0,4.0,0.0,0.0,3.0,2.0,0
427.0,35.0,33.0,85.0,4.0,408.0,6.0,0
739.0,88.0,73.0,147.0,55.0,690.0,29.0,0
770.0,88.0,73.0,140.0,19.0,740.0,14.0,0
770.0,88.0,73.0,140.0,19.0,740.0,14.0,0
466.0,56.0,67.0,108.0,20.0,442.0,15.0,0
637.0,92.0,124.0,175.0,18.0,570.0,30.0,0
5.0,0.0,4.0,0.0,0.0,3.0,2.0,0
637.0,92.0,124.0,175.0,18.0,570.0,30.0,0
349.0,51.0,31.0,77.0,5.0,321.0,12.0,0
637.0,92.0,124.0,175.0,18.0,570.0,30.0,0
770.0,88.0,73.0,140.0,19.0,740.0,14.0,0
739.0,88.0,73.0,147.0,55.0,690.0,29.0,0
637.0,92.0,124.0,175.0,18.0,570.0,30.0,0
395.0,30.0,50.0,91.0,21.0,376.0,9.0,0
5.0,0.0,4.0,0.0,0.0,3.0,2.0,0
637.0,92.0,124.0,175.0,18.0,570.0,30.0,0
5.0,0.0,4.0,0.0,0.0,3.0,2.0,0
5.0,0.0,4.0,0.0,0.0,3.0,2.0,0
637.0,92.0,124.0,175.0,18.0,570.0,30.0,0
349.0,51.0,31.0,77.0,5.0,321.0,12.0,0
637.0,92.0,124.0,175.0,18.0,570.0,30.0,0
739.0,88.0,73.0,147.0,55.0,690.0,29.0,0
770.0,88.0,73.0,140.0,19.0,740.0,14.0,0
5.0,0.0,4.0,0.0,0.0,3.0,2.0,0
683.0,118.0,117.0,177.0,31.0,630.0,28.0,0
218.0,20.0,17.0,64.0,9.0,209.0,6.0,0
5.0,0.0,4.0,0.0,0.0,3.0,2.0,0
1365.0,507.0,552.0,278.0,74.0,1101.0,149.0,0
1124.0,358.0,407.0,236.0,94.0,940.0,110.0,0
1365.0,507.0,552.0,278.0,74.0,1101.0,149.0,0
349.0,51.0,31.0,77.0,5.0,321.0,12.0,0
349.0,51.0,31.0,77.0,5.0,321.0,12.0,0
5.0,0.0,4.0,0.0,0.0,3.0,2.0,0
391.0,33.0,42.0,85.0,9.0,376.0,7.0,0
5.0,0.0,4.0,0.0,0.0,3.0,2.0,0
399.0,54.0,37.0,56.0,11.0,377.0,11.0,0
770.0,88.0,73.0,140.0,19.0,740.0,14.0,0
427.0,35.0,33.0,85.0,4.0,408.0,6.0,0
739.0,88.0,73.0,147.0,55.0,690.0,29.0,0
427.0,35.0,33.0,85.0,4.0,408.0,6.0,0
5.0,0.0,4.0,0.0,0.0,3.0,2.0,0
466.0,56.0,67.0,108.0,20.0,442.0,15.0,0
427.0,35.0,33.0,85.0,4.0,408.0,6.0,0
427.0,35.0,33.0,85.0,4.0,408.0,6.0,0
399.0,54.0,37.0,56.0,11.0,377.0,11.0,0
1124.0,358.0,407.0,236.0,94.0,940.0,110.0,0
466.0,56.0,67.0,108.0,20.0,442.0,15.0,0
1124.0,358.0,407.0,236.0,94.0,940.0,110.0,0
770.0,88.0,73.0,140.0,19.0,740.0,14.0,0
770.0,88.0,73.0,140.0,19.0,740.0,14.0,0
427.0,35.0,33.0,85.0,4.0,408.0,6.0,0
427.0,35.0,33.0,85.0,4.0,408.0,6.0,0
319.0,47.0,26.0,53.0,8.0,295.0,13.0,0
395.0,30.0,50.0,91.0,21.0,376.0,9.0,0
427.0,35.0,33.0,85.0,4.0,408.0,6.0,0
319.0,47.0,26.0,53.0,8.0,295.0,13.0,0
770.0,88.0,73.0,140.0,19.0,740.0,14.0,0
395.0,30.0,50.0,91.0,21.0,376.0,9.0,0
218.0,20.0,17.0,64.0,9.0,209.0,6.0,0
1314.0,382.0,569.0,236.0,110.0,1133.0,85.0,0
1314.0,382.0,569.0,236.0,110.0,1133.0,85.0,0
305.0,20.0,89.0,55.0,5.0,240.0,63.0,0
1314.0,382.0,569.0,236.0,110.0,1133.0,85.0,0
427.0,35.0,33.0,85.0,4.0,408.0,6.0,0
1314.0,382.0,569.0,236.0,110.0,1133.0,85.0,0
305.0,20.0,89.0,55.0,5.0,240.0,63.0,0
391.0,33.0,42.0,85.0,9.0,376.0,7.0,0
391.0,33.0,42.0,85.0,9.0,376.0,7.0,0
1314.0,382.0,569.0,236.0,110.0,1133.0,85.0,0
5.0,0.0,4.0,0.0,0.0,3.0,2.0,0
381.0,52.0,52.0,71.0,18.0,351.0,11.0,0
5.0,0.0,4.0,0.0,0.0,3.0,2.0,0
399.0,54.0,37.0,56.0,11.0,377.0,11.0,0
319.0,47.0,26.0,53.0,8.0,295.0,13.0,0
881.0,92.0,141.0,200.0,15.0,805.0,41.0,0
266.0,31.0,29.0,66.0,5.0,247.0,9.0,0
881.0,92.0,141.0,200.0,15.0,805.0,41.0,0
881.0,92.0,141.0,200.0,15.0,805.0,41.0,0
5.0,0.0,4.0,0.0,0.0,3.0,2.0,0
266.0,31.0,29.0,66.0,5.0,247.0,9.0,0
466.0,56.0,67.0,108.0,20.0,442.0,15.0,0
266.0,31.0,29.0,66.0,5.0,247.0,9.0,0
683.0,118.0,117.0,177.0,31.0,630.0,28.0,0
5.0,0.0,4.0,0.0,0.0,3.0,2.0,0
1314.0,382.0,569.0,236.0,110.0,1133.0,85.0,0
1314.0,382.0,569.0,236.0,110.0,1133.0,85.0,0
1314.0,382.0,569.0,236.0,110.0,1133.0,85.0,0
1314.0,382.0,569.0,236.0,110.0,1133.0,85.0,0
881.0,92.0,141.0,200.0,15.0,805.0,41.0,0
398.0,32.0,41.0,75.0,15.0,387.0,1.0,0
399.0,54.0,37.0,56.0,11.0,377.0,11.0,0
5.0,0.0,4.0,0.0,0.0,3.0,2.0,0
466.0,56.0,67.0,108.0,20.0,442.0,15.0,0
466.0,56.0,67.0,108.0,20.0,442.0,15.0,0
5.0,0.0,4.0,0.0,0.0,3.0,2.0,0
881.0,92.0,141.0,200.0,15.0,805.0,41.0,0
762.0,95.0,72.0,130.0,19.0,712.0,29.0,0
762.0,95.0,72.0,130.0,19.0,712.0,29.0,0
762.0,95.0,72.0,130.0,19.0,712.0,29.0,0
319.0,47.0,26.0,53.0,8.0,295.0,13.0,0
395.0,30.0,50.0,91.0,21.0,376.0,9.0,0
5.0,0.0,4.0,0.0,0.0,3.0,2.0,0
5.0,0.0,4.0,0.0,0.0,3.0,2.0,0
881.0,92.0,141.0,200.0,15.0,805.0,41.0,0
5.0,0.0,4.0,0.0,0.0,3.0,2.0,0
5.0,0.0,4.0,0.0,0.0,3.0,2.0,0
762.0,95.0,72.0,130.0,19.0,712.0,29.0,0
319.0,47.0,26.0,53.0,8.0,295.0,13.0,0
5.0,0.0,4.0,0.0,0.0,3.0,2.0,0
218.0,20.0,17.0,64.0,9.0,209.0,6.0,0
319.0,47.0,26.0,53.0,8.0,295.0,13.0,0
881.0,92.0,141.0,200.0,15.0,805.0,41.0,0
305.0,20.0,89.0,55.0,5.0,240.0,63.0,0
398.0,32.0,41.0,75.0,15.0,387.0,1.0,0
1365.0,507.0,552.0,278.0,74.0,1101.0,149.0,0
1365.0,507.0,552.0,278.0,74.0,1101.0,149.0,0
305.0,20.0,89.0,55.0,5.0,240.0,63.0,0
1365.0,507.0,552.0,278.0,74.0,1101.0,149.0,0
5.0,0.0,4.0,0.0,0.0,3.0,2.0,0
381.0,52.0,52.0,71.0,18.0,351.0,11.0,0
734.0,104.0,52.0,95.0,23.0,688.0,22.0,0
319.0,47.0,26.0,53.0,8.0,295.0,13.0,0
881.0,92.0,141.0,200.0,15.0,805.0,41.0,0
881.0,92.0,141.0,200.0,15.0,805.0,41.0,0
710.0,51.0,74.0,126.0,14.0,681.0,11.0,0
266.0,31.0,29.0,66.0,5.0,247.0,9.0,0
5.0,0.0,4.0,0.0,0.0,3.0,2.0,0
5.0,0.0,4.0,0.0,0.0,3.0,2.0,0
266.0,31.0,29.0,66.0,5.0,247.0,9.0,0
398.0,32.0,41.0,75.0,15.0,387.0,1.0,0
1365.0,507.0,552.0,278.0,74.0,1101.0,149.0,0
266.0,31.0,29.0,66.0,5.0,247.0,9.0,0
643.0,115.0,138.0,187.0,29.0,589.0,30.0,0
5.0,0.0,4.0,0.0,0.0,3.0,2.0,0
881.0,92.0,141.0,200.0,15.0,805.0,41.0,0
5.0,0.0,4.0,0.0,0.0,3.0,2.0,0
762.0,95.0,72.0,130.0,19.0,712.0,29.0,0
762.0,95.0,72.0,130.0,19.0,712.0,29.0,0
734.0,104.0,52.0,95.0,23.0,688.0,22.0,0
230.0,15.0,16.0,55.0,1.0,220.0,7.0,0
881.0,92.0,141.0,200.0,15.0,805.0,41.0,0
5.0,0.0,4.0,0.0,0.0,3.0,2.0,0
762.0,95.0,72.0,130.0,19.0,712.0,29.0,0
734.0,104.0,52.0,95.0,23.0,688.0,22.0,0
734.0,104.0,52.0,95.0,23.0,688.0,22.0,0
230.0,15.0,16.0,55.0,1.0,220.0,7.0,0
5.0,0.0,4.0,0.0,0.0,3.0,2.0,0
734.0,104.0,52.0,95.0,23.0,688.0,22.0,0
5.0,0.0,4.0,0.0,0.0,3.0,2.0,0
734.0,104.0,52.0,95.0,23.0,688.0,22.0,0
398.0,32.0,41.0,75.0,15.0,387.0,1.0,0
762.0,95.0,72.0,130.0,19.0,712.0,29.0,0
282.0,25.0,30.0,71.0,1.0,270.0,5.0,0
296.0,23.0,25.0,62.0,15.0,279.0,8.0,0
1365.0,507.0,552.0,278.0,74.0,1101.0,149.0,0
1365.0,507.0,552.0,278.0,74.0,1101.0,149.0,0
734.0,104.0,52.0,95.0,23.0,688.0,22.0,0
5.0,0.0,4.0,0.0,0.0,3.0,2.0,0
282.0,25.0,30.0,71.0,1.0,270.0,5.0,0
734.0,104.0,52.0,95.0,23.0,688.0,22.0,0
458.0,58.0,75.0,108.0,12.0,432.0,13.0,0
710.0,51.0,74.0,126.0,14.0,681.0,11.0,0
398.0,32.0,41.0,75.0,15.0,387.0,1.0,0
734.0,104.0,52.0,95.0,23.0,688.0,22.0,0
458.0,58.0,75.0,108.0,12.0,432.0,13.0,0
1365.0,507.0,552.0,278.0,74.0,1101.0,149.0,0
458.0,58.0,75.0,108.0,12.0,432.0,13.0,0
5.0,0.0,4.0,0.0,0.0,3.0,2.0,0
5.0,0.0,4.0,0.0,0.0,3.0,2.0,0
5.0,0.0,4.0,0.0,0.0,3.0,2.0,0
710.0,51.0,74.0,126.0,14.0,681.0,11.0,0
734.0,104.0,52.0,95.0,23.0,688.0,22.0,0
458.0,58.0,75.0,108.0,12.0,432.0,13.0,0
767.0,81.0,42.0,124.0,35.0,732.0,18.0,0
339.0,29.0,25.0,72.0,4.0,320.0,4.0,0
734.0,104.0,52.0,95.0,23.0,688.0,22.0,0
458.0,58.0,75.0,108.0,12.0,432.0,13.0,0
734.0,104.0,52.0,95.0,23.0,688.0,22.0,0
886.0,149.0,197.0,249.0,48.0,832.0,27.0,0
5.0,0.0,4.0,0.0,0.0,3.0,2.0,0
315.0,20.0,29.0,75.0,5.0,310.0,2.0,0
1365.0,507.0,552.0,278.0,74.0,1101.0,149.0,0
1365.0,507.0,552.0,278.0,74.0,1101.0,149.0,0
734.0,104.0,52.0,95.0,23.0,688.0,22.0,0
767.0,81.0,42.0,124.0,35.0,732.0,18.0,0
339.0,29.0,25.0,72.0,4.0,320.0,4.0,0
1365.0,507.0,552.0,278.0,74.0,1101.0,149.0,0
1365.0,507.0,552.0,278.0,74.0,1101.0,149.0,0
5.0,0.0,4.0,0.0,0.0,3.0,2.0,0
734.0,104.0,52.0,95.0,23.0,688.0,22.0,0
5.0,0.0,4.0,0.0,0.0,3.0,2.0,0
1365.0,507.0,552.0,278.0,74.0,1101.0,149.0,0
398.0,32.0,41.0,75.0,15.0,387.0,1.0,0
5.0,0.0,4.0,0.0,0.0,3.0,2.0,0
767.0,81.0,42.0,124.0,35.0,732.0,18.0,0
296.0,23.0,25.0,62.0,15.0,279.0,8.0,0
1365.0,507.0,552.0,278.0,74.0,1101.0,149.0,0
1365.0,507.0,552.0,278.0,74.0,1101.0,149.0,0
310.0,16.0,43.0,63.0,10.0,291.0,14.0,0
734.0,104.0,52.0,95.0,23.0,688.0,22.0,0
5.0,0.0,4.0,0.0,0.0,3.0,2.0,0
5.0,0.0,4.0,0.0,0.0,3.0,2.0,0
398.0,32.0,41.0,75.0,15.0,387.0,1.0,0
398.0,32.0,41.0,75.0,15.0,387.0,1.0,0
296.0,23.0,25.0,62.0,15.0,279.0,8.0,0
548.0,59.0,48.0,95.0,19.0,518.0,15.0,0
734.0,104.0,52.0,95.0,23.0,688.0,22.0,0
1365.0,507.0,552.0,278.0,74.0,1101.0,149.0,0
1365.0,507.0,552.0,278.0,74.0,1101.0,149.0,0
1365.0,507.0,552.0,278.0,74.0,1101.0,149.0,0
710.0,51.0,74.0,126.0,14.0,681.0,11.0,0
710.0,51.0,74.0,126.0,14.0,681.0,11.0,0
340.0,25.0,31.0,74.0,13.0,322.0,8.0,0
163.0,15.0,6.0,42.0,6.0,153.0,4.0,0
5.0,0.0,4.0,0.0,0.0,3.0,2.0,0
392.0,20.0,38.0,80.0,6.0,387.0,1.0,0
458.0,58.0,75.0,108.0,12.0,432.0,13.0,0
548.0,59.0,48.0,95.0,19.0,518.0,15.0,0
1365.0,507.0,552.0,278.0,74.0,1101.0,149.0,0
5.0,0.0,4.0,0.0,0.0,3.0,2.0,0
710.0,51.0,74.0,126.0,14.0,681.0,11.0,0
458.0,58.0,75.0,108.0,12.0,432.0,13.0,0
1365.0,507.0,552.0,278.0,74.0,1101.0,149.0,0
548.0,59.0,48.0,95.0,19.0,518.0,15.0,0
767.0,81.0,42.0,124.0,35.0,732.0,18.0,0
5.0,0.0,4.0,0.0,0.0,3.0,2.0,0
458.0,58.0,75.0,108.0,12.0,432.0,13.0,0
5.0,0.0,4.0,0.0,0.0,3.0,2.0,0
279.0,17.0,36.0,58.0,3.0,269.0,4.0,0
767.0,81.0,42.0,124.0,35.0,732.0,18.0,0
458.0,58.0,75.0,108.0,12.0,432.0,13.0,0
1365.0,507.0,552.0,278.0,74.0,1101.0,149.0,0
579.0,56.0,49.0,105.0,14.0,558.0,7.0,0
315.0,20.0,29.0,75.0,5.0,310.0,2.0,0
458.0,58.0,75.0,108.0,12.0,432.0,13.0,0
1365.0,507.0,552.0,278.0,74.0,1101.0,149.0,0
1365.0,507.0,552.0,278.0,74.0,1101.0,149.0,0
1365.0,507.0,552.0,278.0,74.0,1101.0,149.0,0
1365.0,507.0,552.0,278.0,74.0,1101.0,149.0,0
767.0,81.0,42.0,124.0,35.0,732.0,18.0,0
767.0,81.0,42.0,124.0,35.0,732.0,18.0,0
886.0,149.0,197.0,249.0,48.0,832.0,27.0,0
268.0,34.0,22.0,48.0,19.0,252.0,4.0,0
767.0,81.0,42.0,124.0,35.0,732.0,18.0,0
1365.0,507.0,552.0,278.0,74.0,1101.0,149.0,0
548.0,59.0,48.0,95.0,19.0,518.0,15.0,0
5.0,0.0,4.0,0.0,0.0,3.0,2.0,0
1365.0,507.0,552.0,278.0,74.0,1101.0,149.0,0
261.0,18.0,20.0,41.0,4.0,256.0,2.0,0
5.0,0.0,4.0,0.0,0.0,3.0,2.0,0
5.0,0.0,4.0,0.0,0.0,3.0,2.0,0
767.0,81.0,42.0,124.0,35.0,732.0,18.0,0
5.0,0.0,4.0,0.0,0.0,3.0,2.0,0
1365.0,507.0,552.0,278.0,74.0,1101.0,149.0,0
1365.0,507.0,552.0,278.0,74.0,1101.0,149.0,0
1365.0,507.0,552.0,278.0,74.0,1101.0,149.0,0
1365.0,507.0,552.0,278.0,74.0,1101.0,149.0,0
310.0,16.0,43.0,63.0,10.0,291.0,14.0,0
1365.0,507.0,552.0,278.0,74.0,1101.0,149.0,0
1365.0,507.0,552.0,278.0,74.0,1101.0,149.0,0
1365.0,507.0,552.0,278.0,74.0,1101.0,149.0,0
1365.0,507.0,552.0,278.0,74.0,1101.0,149.0,0
1365.0,507.0,552.0,278.0,74.0,1101.0,149.0,0
1365.0,507.0,552.0,278.0,74.0,1101.0,149.0,0
1365.0,507.0,552.0,278.0,74.0,1101.0,149.0,0
5.0,0.0,4.0,0.0,0.0,3.0,2.0,0
548.0,59.0,48.0,95.0,19.0,518.0,15.0,0
261.0,18.0,20.0,41.0,4.0,256.0,2.0,0
5.0,0.0,4.0,0.0,0.0,3.0,2.0,0
1365.0,507.0,552.0,278.0,74.0,1101.0,149.0,0
392.0,20.0,38.0,80.0,6.0,387.0,1.0,0
1365.0,507.0,552.0,278.0,74.0,1101.0,149.0,0
548.0,59.0,48.0,95.0,19.0,518.0,15.0,0
548.0,59.0,48.0,95.0,19.0,518.0,15.0,0
548.0,59.0,48.0,95.0,19.0,518.0,15.0,0
340.0,25.0,31.0,74.0,13.0,322.0,8.0,0
340.0,25.0,31.0,74.0,13.0,322.0,8.0,0
1365.0,507.0,552.0,278.0,74.0,1101.0,149.0,0
5.0,0.0,4.0,0.0,0.0,3.0,2.0,0
1365.0,507.0,552.0,278.0,74.0,1101.0,149.0,0
585.0,33.0,108.0,118.0,14.0,523.0,52.0,0
392.0,20.0,38.0,80.0,6.0,387.0,1.0,0
340.0,25.0,31.0,74.0,13.0,322.0,8.0,0
5.0,0.0,4.0,0.0,0.0,3.0,2.0,0
1365.0,507.0,552.0,278.0,74.0,1101.0,149.0,0
548.0,59.0,48.0,95.0,19.0,518.0,15.0,0
316.0,23.0,27.0,60.0,10.0,308.0,2.0,0
340.0,25.0,31.0,74.0,13.0,322.0,8.0,0
1365.0,507.0,552.0,278.0,74.0,1101.0,149.0,0
564.0,48.0,56.0,101.0,22.0,538.0,13.0,0
1365.0,507.0,552.0,278.0,74.0,1101.0,149.0,0
579.0,56.0,49.0,105.0,14.0,558.0,7.0,0
1365.0,507.0,552.0,278.0,74.0,1101.0,149.0,0
115.0,8.0,11.0,26.0,3.0,108.0,6.0,0
548.0,59.0,48.0,95.0,19.0,518.0,15.0,0
349.0,37.0,26.0,54.0,18.0,322.0,2.0,0
564.0,48.0,56.0,101.0,22.0,538.0,13.0,0
1365.0,507.0,552.0,278.0,74.0,1101.0,149.0,0
1365.0,507.0,552.0,278.0,74.0,1101.0,149.0,0
1365.0,507.0,552.0,278.0,74.0,1101.0,149.0,0
477.0,76.0,99.0,160.0,14.0,438.0,23.0,0
1365.0,507.0,552.0,278.0,74.0,1101.0,149.0,0
1365.0,507.0,552.0,278.0,74.0,1101.0,149.0,0
1365.0,507.0,552.0,278.0,74.0,1101.0,149.0,0
699.0,60.0,194.0,152.0,12.0,656.0,30.0,0
5.0,0.0,4.0,0.0,0.0,3.0,2.0,0
699.0,60.0,194.0,152.0,12.0,656.0,30.0,0
310.0,16.0,43.0,63.0,10.0,291.0,14.0,0
1365.0,507.0,552.0,278.0,74.0,1101.0,149.0,0
699.0,60.0,194.0,152.0,12.0,656.0,30.0,0
699.0,60.0,194.0,152.0,12.0,656.0,30.0,0
699.0,60.0,194.0,152.0,12.0,656.0,30.0,0
349.0,37.0,26.0,54.0,18.0,322.0,2.0,0
402.0,43.0,60.0,94.0,16.0,375.0,11.0,0
259.0,17.0,22.0,53.0,4.0,250.0,1.0,0
585.0,33.0,108.0,118.0,14.0,523.0,52.0,0
402.0,43.0,60.0,94.0,16.0,375.0,11.0,0
548.0,59.0,48.0,95.0,19.0,518.0,15.0,0
548.0,59.0,48.0,95.0,19.0,518.0,15.0,0
340.0,25.0,31.0,74.0,13.0,322.0,8.0,0
567.0,64.0,41.0,95.0,9.0,541.0,9.0,0
340.0,25.0,31.0,74.0,13.0,322.0,8.0,0
1365.0,507.0,552.0,278.0,74.0,1101.0,149.0,0
1365.0,507.0,552.0,278.0,74.0,1101.0,149.0,0
1365.0,507.0,552.0,278.0,74.0,1101.0,149.0,0
585.0,33.0,108.0,118.0,14.0,523.0,52.0,0
585.0,33.0,108.0,118.0,14.0,523.0,52.0,0
259.0,17.0,22.0,53.0,4.0,250.0,1.0,0
224.0,32.0,29.0,32.0,8.0,208.0,6.0,0
477.0,76.0,99.0,160.0,14.0,438.0,23.0,0
585.0,33.0,108.0,118.0,14.0,523.0,52.0,0
700.0,80.0,52.0,97.0,21.0,658.0,21.0,0
700.0,80.0,52.0,97.0,21.0,658.0,21.0,0
426.0,50.0,32.0,82.0,12.0,400.0,9.0,0
700.0,80.0,52.0,97.0,21.0,658.0,21.0,0
579.0,56.0,49.0,105.0,14.0,558.0,7.0,0
5.0,0.0,4.0,0.0,0.0,3.0,2.0,0
579.0,56.0,49.0,105.0,14.0,558.0,7.0,0
224.0,32.0,29.0,32.0,8.0,208.0,6.0,0
426.0,50.0,32.0,82.0,12.0,400.0,9.0,0
340.0,25.0,31.0,74.0,13.0,322.0,8.0,0
700.0,80.0,52.0,97.0,21.0,658.0,21.0,0
402.0,43.0,60.0,94.0,16.0,375.0,11.0,0
349.0,37.0,26.0,54.0,18.0,322.0,2.0,0
564.0,48.0,56.0,101.0,22.0,538.0,13.0,0
699.0,60.0,194.0,152.0,12.0,656.0,30.0,0
310.0,16.0,43.0,63.0,10.0,291.0,14.0,0
585.0,33.0,108.0,118.0,14.0,523.0,52.0,0
5.0,0.0,4.0,0.0,0.0,3.0,2.0,0
5.0,0.0,4.0,0.0,0.0,3.0,2.0,0
564.0,48.0,56.0,101.0,22.0,538.0,13.0,0
5.0,0.0,4.0,0.0,0.0,3.0,2.0,0
349.0,37.0,26.0,54.0,18.0,322.0,2.0,0
349.0,37.0,26.0,54.0,18.0,322.0,2.0,0
349.0,37.0,26.0,54.0,18.0,322.0,2.0,0
567.0,64.0,41.0,95.0,9.0,541.0,9.0,0
5.0,0.0,4.0,0.0,0.0,3.0,2.0,0
699.0,60.0,194.0,152.0,12.0,656.0,30.0,0
402.0,43.0,60.0,94.0,16.0,375.0,11.0,0
310.0,16.0,43.0,63.0,10.0,291.0,14.0,0
1365.0,507.0,552.0,278.0,74.0,1101.0,149.0,0
585.0,33.0,108.0,118.0,14.0,523.0,52.0,0
314.0,40.0,17.0,68.0,7.0,288.0,10.0,0
585.0,33.0,108.0,118.0,14.0,523.0,52.0,0
699.0,60.0,194.0,152.0,12.0,656.0,30.0,0
402.0,43.0,60.0,94.0,16.0,375.0,11.0,0
541.0,63.0,60.0,102.0,19.0,504.0,16.0,0
579.0,56.0,49.0,105.0,14.0,558.0,7.0,0
700.0,80.0,52.0,97.0,21.0,658.0,21.0,0
426.0,50.0,32.0,82.0,12.0,400.0,9.0,0
541.0,63.0,60.0,102.0,19.0,504.0,16.0,0
579.0,56.0,49.0,105.0,14.0,558.0,7.0,0
426.0,50.0,32.0,82.0,12.0,400.0,9.0,0
579.0,56.0,49.0,105.0,14.0,558.0,7.0,0
541.0,63.0,60.0,102.0,19.0,504.0,16.0,0
426.0,50.0,32.0,82.0,12.0,400.0,9.0,0
541.0,63.0,60.0,102.0,19.0,504.0,16.0,0
402.0,43.0,60.0,94.0,16.0,375.0,11.0,0
585.0,33.0,108.0,118.0,14.0,523.0,52.0,0
564.0,48.0,56.0,101.0,22.0,538.0,13.0,0
700.0,80.0,52.0,97.0,21.0,658.0,21.0,0
5.0,0.0,4.0,0.0,0.0,3.0,2.0,0
585.0,33.0,108.0,118.0,14.0,523.0,52.0,0
699.0,60.0,194.0,152.0,12.0,656.0,30.0,0
564.0,48.0,56.0,101.0,22.0,538.0,13.0,0
700.0,80.0,52.0,97.0,21.0,658.0,21.0,0
426.0,50.0,32.0,82.0,12.0,400.0,9.0,0
290.0,21.0,18.0,71.0,7.0,275.0,11.0,0
290.0,21.0,18.0,71.0,7.0,275.0,11.0,0
585.0,33.0,108.0,118.0,14.0,523.0,52.0,0
479.0,37.0,45.0,71.0,6.0,460.0,10.0,0
567.0,64.0,41.0,95.0,9.0,541.0,9.0,0
479.0,37.0,45.0,71.0,6.0,460.0,10.0,0
402.0,43.0,60.0,94.0,16.0,375.0,11.0,0
427.0,37.0,36.0,77.0,11.0,406.0,11.0,0
699.0,60.0,194.0,152.0,12.0,656.0,30.0,0
699.0,60.0,194.0,152.0,12.0,656.0,30.0,0
402.0,43.0,60.0,94.0,16.0,375.0,11.0,0
402.0,43.0,60.0,94.0,16.0,375.0,11.0,0
699.0,60.0,194.0,152.0,12.0,656.0,30.0,0
290.0,21.0,18.0,71.0,7.0,275.0,11.0,0
541.0,63.0,60.0,102.0,19.0,504.0,16.0,0
585.0,33.0,108.0,118.0,14.0,523.0,52.0,0
699.0,60.0,194.0,152.0,12.0,656.0,30.0,0
681.0,64.0,112.0,109.0,14.0,615.0,47.0,0
681.0,64.0,112.0,109.0,14.0,615.0,47.0,0
681.0,64.0,112.0,109.0,14.0,615.0,47.0,0
521.0,67.0,52.0,125.0,15.0,482.0,17.0,0
567.0,64.0,41.0,95.0,9.0,541.0,9.0,0
564.0,48.0,56.0,101.0,22.0,538.0,13.0,0
402.0,43.0,60.0,94.0,16.0,375.0,11.0,0
699.0,60.0,194.0,152.0,12.0,656.0,30.0,0
700.0,80.0,52.0,97.0,21.0,658.0,21.0,0
541.0,63.0,60.0,102.0,19.0,504.0,16.0,0
700.0,80.0,52.0,97.0,21.0,658.0,21.0,0
541.0,63.0,60.0,102.0,19.0,504.0,16.0,0
700.0,80.0,52.0,97.0,21.0,658.0,21.0,0
541.0,63.0,60.0,102.0,19.0,504.0,16.0,0
541.0,63.0,60.0,102.0,19.0,504.0,16.0,0
700.0,80.0,52.0,97.0,21.0,658.0,21.0,0
700.0,80.0,52.0,97.0,21.0,658.0,21.0,0
700.0,80.0,52.0,97.0,21.0,658.0,21.0,0
541.0,63.0,60.0,102.0,19.0,504.0,16.0,0
699.0,60.0,194.0,152.0,12.0,656.0,30.0,0
541.0,63.0,60.0,102.0,19.0,504.0,16.0,0
562.0,106.0,66.0,97.0,22.0,510.0,25.0,0
479.0,37.0,45.0,71.0,6.0,460.0,10.0,0
562.0,106.0,66.0,97.0,22.0,510.0,25.0,0
562.0,106.0,66.0,97.0,22.0,510.0,25.0,0
479.0,37.0,45.0,71.0,6.0,460.0,10.0,0
401.0,34.0,58.0,87.0,3.0,379.0,15.0,0
700.0,80.0,52.0,97.0,21.0,658.0,21.0,0
562.0,106.0,66.0,97.0,22.0,510.0,25.0,0
562.0,106.0,66.0,97.0,22.0,510.0,25.0,0
562.0,106.0,66.0,97.0,22.0,510.0,25.0,0
562.0,106.0,66.0,97.0,22.0,510.0,25.0,0
290.0,21.0,18.0,71.0,7.0,275.0,11.0,0
1002.0,189.0,229.0,293.0,42.0,917.0,44.0,0
290.0,21.0,18.0,71.0,7.0,275.0,11.0,0
562.0,106.0,66.0,97.0,22.0,510.0,25.0,0
290.0,21.0,18.0,71.0,7.0,275.0,11.0,0
562.0,106.0,66.0,97.0,22.0,510.0,25.0,0
562.0,106.0,66.0,97.0,22.0,510.0,25.0,0
290.0,21.0,18.0,71.0,7.0,275.0,11.0,0
562.0,106.0,66.0,97.0,22.0,510.0,25.0,0
521.0,67.0,52.0,125.0,15.0,482.0,17.0,0
562.0,106.0,66.0,97.0,22.0,510.0,25.0,0
521.0,67.0,52.0,125.0,15.0,482.0,17.0,0
521.0,67.0,52.0,125.0,15.0,482.0,17.0,0
521.0,67.0,52.0,125.0,15.0,482.0,17.0,0
697.0,92.0,41.0,111.0,14.0,651.0,24.0,0
309.0,23.0,21.0,58.0,8.0,297.0,4.0,0
700.0,80.0,52.0,97.0,21.0,658.0,21.0,0
277.0,33.0,27.0,67.0,12.0,267.0,6.0,0
564.0,48.0,56.0,101.0,22.0,538.0,13.0,0
681.0,64.0,112.0,109.0,14.0,615.0,47.0,0
700.0,80.0,52.0,97.0,21.0,658.0,21.0,0
697.0,92.0,41.0,111.0,14.0,651.0,24.0,0
562.0,106.0,66.0,97.0,22.0,510.0,25.0,0
562.0,106.0,66.0,97.0,22.0,510.0,25.0,0
1002.0,189.0,229.0,293.0,42.0,917.0,44.0,0
521.0,67.0,52.0,125.0,15.0,482.0,17.0,0
562.0,106.0,66.0,97.0,22.0,510.0,25.0,0
1365.0,507.0,552.0,278.0,74.0,1101.0,149.0,0
562.0,106.0,66.0,97.0,22.0,510.0,25.0,0
277.0,33.0,27.0,67.0,12.0,267.0,6.0,0
562.0,106.0,66.0,97.0,22.0,510.0,25.0,0
562.0,106.0,66.0,97.0,22.0,510.0,25.0,0
562.0,106.0,66.0,97.0,22.0,510.0,25.0,0
309.0,23.0,21.0,58.0,8.0,297.0,4.0,0
562.0,106.0,66.0,97.0,22.0,510.0,25.0,0
697.0,92.0,41.0,111.0,14.0,651.0,24.0,0
697.0,92.0,41.0,111.0,14.0,651.0,24.0,0
309.0,23.0,21.0,58.0,8.0,297.0,4.0,0
562.0,106.0,66.0,97.0,22.0,510.0,25.0,0
562.0,106.0,66.0,97.0,22.0,510.0,25.0,0
562.0,106.0,66.0,97.0,22.0,510.0,25.0,0
700.0,80.0,52.0,97.0,21.0,658.0,21.0,0
647.0,70.0,70.0,117.0,12.0,616.0,18.0,0
1365.0,507.0,552.0,278.0,74.0,1101.0,149.0,0
1365.0,507.0,552.0,278.0,74.0,1101.0,149.0,0
1365.0,507.0,552.0,278.0,74.0,1101.0,149.0,0
264.0,39.0,19.0,66.0,14.0,243.0,13.0,0
5.0,0.0,4.0,0.0,0.0,3.0,2.0,0
277.0,33.0,27.0,67.0,12.0,267.0,6.0,0
1365.0,507.0,552.0,278.0,74.0,1101.0,149.0,0
1365.0,507.0,552.0,278.0,74.0,1101.0,149.0,0
277.0,33.0,27.0,67.0,12.0,267.0,6.0,0
5.0,0.0,4.0,0.0,0.0,3.0,2.0,0
5.0,0.0,4.0,0.0,0.0,3.0,2.0,0
1365.0,507.0,552.0,278.0,74.0,1101.0,149.0,0
5.0,0.0,4.0,0.0,0.0,3.0,2.0,0
277.0,33.0,27.0,67.0,12.0,267.0,6.0,0
1365.0,507.0,552.0,278.0,74.0,1101.0,149.0,0
562.0,106.0,66.0,97.0,22.0,510.0,25.0,0
1365.0,507.0,552.0,278.0,74.0,1101.0,149.0,0
562.0,106.0,66.0,97.0,22.0,510.0,25.0,0
1365.0,507.0,552.0,278.0,74.0,1101.0,149.0,0
1002.0,189.0,229.0,293.0,42.0,917.0,44.0,0
1365.0,507.0,552.0,278.0,74.0,1101.0,149.0,0
1365.0,507.0,552.0,278.0,74.0,1101.0,149.0,0
562.0,106.0,66.0,97.0,22.0,510.0,25.0,0
562.0,106.0,66.0,97.0,22.0,510.0,25.0,0
562.0,106.0,66.0,97.0,22.0,510.0,25.0,0
562.0,106.0,66.0,97.0,22.0,510.0,25.0,0
562.0,106.0,66.0,97.0,22.0,510.0,25.0,0
562.0,106.0,66.0,97.0,22.0,510.0,25.0,0
562.0,106.0,66.0,97.0,22.0,510.0,25.0,0
309.0,23.0,21.0,58.0,8.0,297.0,4.0,0
1020.0,192.0,96.0,213.0,49.0,941.0,33.0,0
264.0,39.0,19.0,66.0,14.0,243.0,13.0,0
264.0,39.0,19.0,66.0,14.0,243.0,13.0,0
647.0,70.0,70.0,117.0,12.0,616.0,18.0,0
1365.0,507.0,552.0,278.0,74.0,1101.0,149.0,0
647.0,70.0,70.0,117.0,12.0,616.0,18.0,0
1020.0,192.0,96.0,213.0,49.0,941.0,33.0,0
672.0,103.0,68.0,110.0,33.0,627.0,22.0,0
672.0,103.0,68.0,110.0,33.0,627.0,22.0,0
697.0,92.0,41.0,111.0,14.0,651.0,24.0,0
562.0,106.0,66.0,97.0,22.0,510.0,25.0,0
472.0,74.0,63.0,111.0,10.0,442.0,17.0,0
697.0,92.0,41.0,111.0,14.0,651.0,24.0,0
562.0,106.0,66.0,97.0,22.0,510.0,25.0,0
472.0,74.0,63.0,111.0,10.0,442.0,17.0,0
700.0,80.0,52.0,97.0,21.0,658.0,21.0,0
562.0,106.0,66.0,97.0,22.0,510.0,25.0,0
562.0,106.0,66.0,97.0,22.0,510.0,25.0,0
562.0,106.0,66.0,97.0,22.0,510.0,25.0,0
700.0,80.0,52.0,97.0,21.0,658.0,21.0,0
700.0,80.0,52.0,97.0,21.0,658.0,21.0,0
1020.0,192.0,96.0,213.0,49.0,941.0,33.0,0
1365.0,507.0,552.0,278.0,74.0,1101.0,149.0,0
562.0,106.0,66.0,97.0,22.0,510.0,25.0,0
562.0,106.0,66.0,97.0,22.0,510.0,25.0,0
562.0,106.0,66.0,97.0,22.0,510.0,25.0,0
562.0,106.0,66.0,97.0,22.0,510.0,25.0,0
562.0,106.0,66.0,97.0,22.0,510.0,25.0,0
562.0,106.0,66.0,97.0,22.0,510.0,25.0,0
562.0,106.0,66.0,97.0,22.0,510.0,25.0,0
562.0,106.0,66.0,97.0,22.0,510.0,25.0,0
562.0,106.0,66.0,97.0,22.0,510.0,25.0,0
562.0,106.0,66.0,97.0,22.0,510.0,25.0,0
277.0,33.0,27.0,67.0,12.0,267.0,6.0,0
562.0,106.0,66.0,97.0,22.0,510.0,25.0,0
562.0,106.0,66.0,97.0,22.0,510.0,25.0,0
562.0,106.0,66.0,97.0,22.0,510.0,25.0,0
562.0,106.0,66.0,97.0,22.0,510.0,25.0,0
562.0,106.0,66.0,97.0,22.0,510.0,25.0,0
562.0,106.0,66.0,97.0,22.0,510.0,25.0,0
5.0,0.0,4.0,0.0,0.0,3.0,2.0,0
5.0,0.0,4.0,0.0,0.0,3.0,2.0,0
631.0,96.0,69.0,115.0,27.0,596.0,14.0,0
562.0,106.0,66.0,97.0,22.0,510.0,25.0,0
562.0,106.0,66.0,97.0,22.0,510.0,25.0,0
1365.0,507.0,552.0,278.0,74.0,1101.0,149.0,0
1365.0,507.0,552.0,278.0,74.0,1101.0,149.0,0
562.0,106.0,66.0,97.0,22.0,510.0,25.0,0
562.0,106.0,66.0,97.0,22.0,510.0,25.0,0
562.0,106.0,66.0,97.0,22.0,510.0,25.0,0
1002.0,189.0,229.0,293.0,42.0,917.0,44.0,0
631.0,96.0,69.0,115.0,27.0,596.0,14.0,0
470.0,166.0,170.0,94.0,17.0,387.0,48.0,0
528.0,87.0,40.0,82.0,18.0,487.0,16.0,0
562.0,106.0,66.0,97.0,22.0,510.0,25.0,0
631.0,96.0,69.0,115.0,27.0,596.0,14.0,0
472.0,74.0,63.0,111.0,10.0,442.0,17.0,0
528.0,87.0,40.0,82.0,18.0,487.0,16.0,0
264.0,39.0,19.0,66.0,14.0,243.0,13.0,0
264.0,39.0,19.0,66.0,14.0,243.0,13.0,0
562.0,106.0,66.0,97.0,22.0,510.0,25.0,0
647.0,70.0,70.0,117.0,12.0,616.0,18.0,0
647.0,70.0,70.0,117.0,12.0,616.0,18.0,0
672.0,103.0,68.0,110.0,33.0,627.0,22.0,0
672.0,103.0,68.0,110.0,33.0,627.0,22.0,0
656.0,86.0,66.0,112.0,26.0,620.0,19.0,0
656.0,86.0,66.0,112.0,26.0,620.0,19.0,0
656.0,86.0,66.0,112.0,26.0,620.0,19.0,0
401.0,54.0,44.0,81.0,11.0,383.0,13.0,0
401.0,54.0,44.0,81.0,11.0,383.0,13.0,0
472.0,74.0,63.0,111.0,10.0,442.0,17.0,0
401.0,54.0,44.0,81.0,11.0,383.0,13.0,0
631.0,96.0,69.0,115.0,27.0,596.0,14.0,0
631.0,96.0,69.0,115.0,27.0,596.0,14.0,0
631.0,96.0,69.0,115.0,27.0,596.0,14.0,0
631.0,96.0,69.0,115.0,27.0,596.0,14.0,0
562.0,106.0,66.0,97.0,22.0,510.0,25.0,0
528.0,87.0,40.0,82.0,18.0,487.0,16.0,0
528.0,87.0,40.0,82.0,18.0,487.0,16.0,0
656.0,86.0,66.0,112.0,26.0,620.0,19.0,0
656.0,86.0,66.0,112.0,26.0,620.0,19.0,0
562.0,106.0,66.0,97.0,22.0,510.0,25.0,0
472.0,74.0,63.0,111.0,10.0,442.0,17.0,0
472.0,74.0,63.0,111.0,10.0,442.0,17.0,0
562.0,106.0,66.0,97.0,22.0,510.0,25.0,0
631.0,96.0,69.0,115.0,27.0,596.0,14.0,0
562.0,106.0,66.0,97.0,22.0,510.0,25.0,0
528.0,87.0,40.0,82.0,18.0,487.0,16.0,0
528.0,87.0,40.0,82.0,18.0,487.0,16.0,0
472.0,74.0,63.0,111.0,10.0,442.0,17.0,0
666.0,106.0,129.0,208.0,20.0,615.0,20.0,0
631.0,96.0,69.0,115.0,27.0,596.0,14.0,0
631.0,96.0,69.0,115.0,27.0,596.0,14.0,0
472.0,74.0,63.0,111.0,10.0,442.0,17.0,0
631.0,96.0,69.0,115.0,27.0,596.0,14.0,0
472.0,74.0,63.0,111.0,10.0,442.0,17.0,0
631.0,96.0,69.0,115.0,27.0,596.0,14.0,0
631.0,96.0,69.0,115.0,27.0,596.0,14.0,0
528.0,87.0,40.0,82.0,18.0,487.0,16.0,0
528.0,87.0,40.0,82.0,18.0,487.0,16.0,0
528.0,87.0,40.0,82.0,18.0,487.0,16.0,0
472.0,74.0,63.0,111.0,10.0,442.0,17.0,0
472.0,74.0,63.0,111.0,10.0,442.0,17.0,0
340.0,31.0,26.0,63.0,19.0,323.0,8.0,0
340.0,31.0,26.0,63.0,19.0,323.0,8.0,0
583.0,76.0,55.0,114.0,22.0,559.0,11.0,0
583.0,76.0,55.0,114.0,22.0,559.0,11.0,0
583.0,76.0,55.0,114.0,22.0,559.0,11.0,0
472.0,74.0,63.0,111.0,10.0,442.0,17.0,0
583.0,76.0,55.0,114.0,22.0,559.0,11.0,0
656.0,86.0,66.0,112.0,26.0,620.0,19.0,0
656.0,86.0,66.0,112.0,26.0,620.0,19.0,0
401.0,54.0,44.0,81.0,11.0,383.0,13.0,0
401.0,54.0,44.0,81.0,11.0,383.0,13.0,0
656.0,86.0,66.0,112.0,26.0,620.0,19.0,0
631.0,96.0,69.0,115.0,27.0,596.0,14.0,0
631.0,96.0,69.0,115.0,27.0,596.0,14.0,0
472.0,74.0,63.0,111.0,10.0,442.0,17.0,0
401.0,54.0,44.0,81.0,11.0,383.0,13.0,0
656.0,86.0,66.0,112.0,26.0,620.0,19.0,0
594.0,62.0,43.0,98.0,24.0,573.0,9.0,0
656.0,86.0,66.0,112.0,26.0,620.0,19.0,0
656.0,86.0,66.0,112.0,26.0,620.0,19.0,0
528.0,87.0,40.0,82.0,18.0,487.0,16.0,0
656.0,86.0,66.0,112.0,26.0,620.0,19.0,0
594.0,62.0,43.0,98.0,24.0,573.0,9.0,0
472.0,74.0,63.0,111.0,10.0,442.0,17.0,0
401.0,54.0,44.0,81.0,11.0,383.0,13.0,0
401.0,54.0,44.0,81.0,11.0,383.0,13.0,0
594.0,62.0,43.0,98.0,24.0,573.0,9.0,0
656.0,86.0,66.0,112.0,26.0,620.0,19.0,0
656.0,86.0,66.0,112.0,26.0,620.0,19.0,0
583.0,76.0,55.0,114.0,22.0,559.0,11.0,0
583.0,76.0,55.0,114.0,22.0,559.0,11.0,0
836.0,161.0,227.0,250.0,41.0,771.0,28.0,0
583.0,76.0,55.0,114.0,22.0,559.0,11.0,0
340.0,31.0,26.0,63.0,19.0,323.0,8.0,0
583.0,76.0,55.0,114.0,22.0,559.0,11.0,0
340.0,31.0,26.0,63.0,19.0,323.0,8.0,0
656.0,86.0,66.0,112.0,26.0,620.0,19.0,0
631.0,96.0,69.0,115.0,27.0,596.0,14.0,0
631.0,96.0,69.0,115.0,27.0,596.0,14.0,0
528.0,87.0,40.0,82.0,18.0,487.0,16.0,0
571.0,67.0,78.0,131.0,9.0,539.0,18.0,0
529.0,77.0,68.0,98.0,19.0,485.0,21.0,0
656.0,86.0,66.0,112.0,26.0,620.0,19.0,0
631.0,96.0,69.0,115.0,27.0,596.0,14.0,0
571.0,67.0,78.0,131.0,9.0,539.0,18.0,0
631.0,96.0,69.0,115.0,27.0,596.0,14.0,0
631.0,96.0,69.0,115.0,27.0,596.0,14.0,0
631.0,96.0,69.0,115.0,27.0,596.0,14.0,0
631.0,96.0,69.0,115.0,27.0,596.0,14.0,0
631.0,96.0,69.0,115.0,27.0,596.0,14.0,0
631.0,96.0,69.0,115.0,27.0,596.0,14.0,0
631.0,96.0,69.0,115.0,27.0,596.0,14.0,0
631.0,96.0,69.0,115.0,27.0,596.0,14.0,0
401.0,54.0,44.0,81.0,11.0,383.0,13.0,0
528.0,87.0,40.0,82.0,18.0,487.0,16.0,0
571.0,67.0,78.0,131.0,9.0,539.0,18.0,0
631.0,96.0,69.0,115.0,27.0,596.0,14.0,0
631.0,96.0,69.0,115.0,27.0,596.0,14.0,0
401.0,54.0,44.0,81.0,11.0,383.0,13.0,0
631.0,96.0,69.0,115.0,27.0,596.0,14.0,0
631.0,96.0,69.0,115.0,27.0,596.0,14.0,0
571.0,67.0,78.0,131.0,9.0,539.0,18.0,0
401.0,54.0,44.0,81.0,11.0,383.0,13.0,0
594.0,62.0,43.0,98.0,24.0,573.0,9.0,0
708.0,133.0,112.0,176.0,34.0,640.0,31.0,0
631.0,96.0,69.0,115.0,27.0,596.0,14.0,0
631.0,96.0,69.0,115.0,27.0,596.0,14.0,0
631.0,96.0,69.0,115.0,27.0,596.0,14.0,0
571.0,67.0,78.0,131.0,9.0,539.0,18.0,0
594.0,62.0,43.0,98.0,24.0,573.0,9.0,0
631.0,96.0,69.0,115.0,27.0,596.0,14.0,0
631.0,96.0,69.0,115.0,27.0,596.0,14.0,0
571.0,67.0,78.0,131.0,9.0,539.0,18.0,0
594.0,62.0,43.0,98.0,24.0,573.0,9.0,0
571.0,67.0,78.0,131.0,9.0,539.0,18.0,0
708.0,133.0,112.0,176.0,34.0,640.0,31.0,0
631.0,96.0,69.0,115.0,27.0,596.0,14.0,0
631.0,96.0,69.0,115.0,27.0,596.0,14.0,0
631.0,96.0,69.0,115.0,27.0,596.0,14.0,0
571.0,67.0,78.0,131.0,9.0,539.0,18.0,0
571.0,67.0,78.0,131.0,9.0,539.0,18.0,0
631.0,96.0,69.0,115.0,27.0,596.0,14.0,0
631.0,96.0,69.0,115.0,27.0,596.0,14.0,0
631.0,96.0,69.0,115.0,27.0,596.0,14.0,0
528.0,87.0,40.0,82.0,18.0,487.0,16.0,0
528.0,87.0,40.0,82.0,18.0,487.0,16.0,0
836.0,161.0,227.0,250.0,41.0,771.0,28.0,0
528.0,87.0,40.0,82.0,18.0,487.0,16.0,0
528.0,87.0,40.0,82.0,18.0,487.0,16.0,0
528.0,87.0,40.0,82.0,18.0,487.0,16.0,0
571.0,67.0,78.0,131.0,9.0,539.0,18.0,0
528.0,87.0,40.0,82.0,18.0,487.0,16.0,0
528.0,87.0,40.0,82.0,18.0,487.0,16.0,0
401.0,54.0,44.0,81.0,11.0,383.0,13.0,0
594.0,62.0,43.0,98.0,24.0,573.0,9.0,0
401.0,54.0,44.0,81.0,11.0,383.0,13.0,0
594.0,62.0,43.0,98.0,24.0,573.0,9.0,0
594.0,62.0,43.0,98.0,24.0,573.0,9.0,0
571.0,67.0,78.0,131.0,9.0,539.0,18.0,0
594.0,62.0,43.0,98.0,24.0,573.0,9.0,0
594.0,62.0,43.0,98.0,24.0,573.0,9.0,0
571.0,67.0,78.0,131.0,9.0,539.0,18.0,0
594.0,62.0,43.0,98.0,24.0,573.0,9.0,0
571.0,67.0,78.0,131.0,9.0,539.0,18.0,0
571.0,67.0,78.0,131.0,9.0,539.0,18.0,0
571.0,67.0,78.0,131.0,9.0,539.0,18.0,0
571.0,67.0,78.0,131.0,9.0,539.0,18.0,0
571.0,67.0,78.0,131.0,9.0,539.0,18.0,0
571.0,67.0,78.0,131.0,9.0,539.0,18.0,0
571.0,67.0,78.0,131.0,9.0,539.0,18.0,0
571.0,67.0,78.0,131.0,9.0,539.0,18.0,0
571.0,67.0,78.0,131.0,9.0,539.0,18.0,0
571.0,67.0,78.0,131.0,9.0,539.0,18.0,0
571.0,67.0,78.0,131.0,9.0,539.0,18.0,0
571.0,67.0,78.0,131.0,9.0,539.0,18.0,0
571.0,67.0,78.0,131.0,9.0,539.0,18.0,0
571.0,67.0,78.0,131.0,9.0,539.0,18.0,0
571.0,67.0,78.0,131.0,9.0,539.0,18.0,0
571.0,67.0,78.0,131.0,9.0,539.0,18.0,0
571.0,67.0,78.0,131.0,9.0,539.0,18.0,0
571.0,67.0,78.0,131.0,9.0,539.0,18.0,0
629.0,127.0,182.0,201.0,22.0,578.0,27.0,0
1530.0,511.0,653.0,312.0,102.0,1254.0,147.0,0
1530.0,511.0,653.0,312.0,102.0,1254.0,147.0,0
1530.0,511.0,653.0,312.0,102.0,1254.0,147.0,0
1530.0,511.0,653.0,312.0,102.0,1254.0,147.0,0
1530.0,511.0,653.0,312.0,102.0,1254.0,147.0,0
1530.0,511.0,653.0,312.0,102.0,1254.0,147.0,0
1530.0,511.0,653.0,312.0,102.0,1254.0,147.0,0
1530.0,511.0,653.0,312.0,102.0,1254.0,147.0,0
1530.0,511.0,653.0,312.0,102.0,1254.0,147.0,0
1530.0,511.0,653.0,312.0,102.0,1254.0,147.0,0
1530.0,511.0,653.0,312.0,102.0,1254.0,147.0,0
1530.0,511.0,653.0,312.0,102.0,1254.0,147.0,0
1530.0,511.0,653.0,312.0,102.0,1254.0,147.0,0
1124.0,358.0,407.0,236.0,94.0,940.0,110.0,0
1530.0,511.0,653.0,312.0,102.0,1254.0,147.0,0
1124.0,358.0,407.0,236.0,94.0,940.0,110.0,0
1530.0,511.0,653.0,312.0,102.0,1254.0,147.0,0
1124.0,358.0,407.0,236.0,94.0,940.0,110.0,0
1124.0,358.0,407.0,236.0,94.0,940.0,110.0,0
1530.0,511.0,653.0,312.0,102.0,1254.0,147.0,0
1124.0,358.0,407.0,236.0,94.0,940.0,110.0,0
1124.0,358.0,407.0,236.0,94.0,940.0,110.0,0
1124.0,358.0,407.0,236.0,94.0,940.0,110.0,0
1124.0,358.0,407.0,236.0,94.0,940.0,110.0,0
1530.0,511.0,653.0,312.0,102.0,1254.0,147.0,0
1124.0,358.0,407.0,236.0,94.0,940.0,110.0,0
1124.0,358.0,407.0,236.0,94.0,940.0,110.0,0
1530.0,511.0,653.0,312.0,102.0,1254.0,147.0,0
1124.0,358.0,407.0,236.0,94.0,940.0,110.0,0
1530.0,511.0,653.0,312.0,102.0,1254.0,147.0,0
1124.0,358.0,407.0,236.0,94.0,940.0,110.0,0
1530.0,511.0,653.0,312.0,102.0,1254.0,147.0,0
1530.0,511.0,653.0,312.0,102.0,1254.0,147.0,0
1314.0,382.0,569.0,236.0,110.0,1133.0,85.0,0
1124.0,358.0,407.0,236.0,94.0,940.0,110.0,0
1039.0,410.0,429.0,213.0,61.0,864.0,96.0,0
1530.0,511.0,653.0,312.0,102.0,1254.0,147.0,0
1039.0,410.0,429.0,213.0,61.0,864.0,96.0,0
1039.0,410.0,429.0,213.0,61.0,864.0,96.0,0
1039.0,410.0,429.0,213.0,61.0,864.0,96.0,0
1124.0,358.0,407.0,236.0,94.0,940.0,110.0,0
1314.0,382.0,569.0,236.0,110.0,1133.0,85.0,0
1124.0,358.0,407.0,236.0,94.0,940.0,110.0,0
1124.0,358.0,407.0,236.0,94.0,940.0,110.0,0
1039.0,410.0,429.0,213.0,61.0,864.0,96.0,0
1124.0,358.0,407.0,236.0,94.0,940.0,110.0,0
1530.0,511.0,653.0,312.0,102.0,1254.0,147.0,0
1530.0,511.0,653.0,312.0,102.0,1254.0,147.0,0
1530.0,511.0,653.0,312.0,102.0,1254.0,147.0,0
1530.0,511.0,653.0,312.0,102.0,1254.0,147.0,0
1530.0,511.0,653.0,312.0,102.0,1254.0,147.0,0
1530.0,511.0,653.0,312.0,102.0,1254.0,147.0,0
1530.0,511.0,653.0,312.0,102.0,1254.0,147.0,0
1530.0,511.0,653.0,312.0,102.0,1254.0,147.0,0
1530.0,511.0,653.0,312.0,102.0,1254.0,147.0,0
1039.0,410.0,429.0,213.0,61.0,864.0,96.0,0
1336.0,495.0,609.0,285.0,93.0,1101.0,127.0,0
1336.0,495.0,609.0,285.0,93.0,1101.0,127.0,0
1336.0,495.0,609.0,285.0,93.0,1101.0,127.0,0
748.0,185.0,268.0,206.0,38.0,650.0,48.0,0
748.0,185.0,268.0,206.0,38.0,650.0,48.0,0
1124.0,358.0,407.0,236.0,94.0,940.0,110.0,0
1336.0,495.0,609.0,285.0,93.0,1101.0,127.0,0
1039.0,410.0,429.0,213.0,61.0,864.0,96.0,0
748.0,185.0,268.0,206.0,38.0,650.0,48.0,0
748.0,185.0,268.0,206.0,38.0,650.0,48.0,0
1215.0,387.0,480.0,270.0,97.0,1051.0,92.0,0
1039.0,410.0,429.0,213.0,61.0,864.0,96.0,0
1039.0,410.0,429.0,213.0,61.0,864.0,96.0,0
1039.0,410.0,429.0,213.0,61.0,864.0,96.0,0
748.0,185.0,268.0,206.0,38.0,650.0,48.0,0
748.0,185.0,268.0,206.0,38.0,650.0,48.0,0
748.0,185.0,268.0,206.0,38.0,650.0,48.0,0
1039.0,410.0,429.0,213.0,61.0,864.0,96.0,0
1336.0,495.0,609.0,285.0,93.0,1101.0,127.0,0
1336.0,495.0,609.0,285.0,93.0,1101.0,127.0,0
1336.0,495.0,609.0,285.0,93.0,1101.0,127.0,0
1336.0,495.0,609.0,285.0,93.0,1101.0,127.0,0
1336.0,495.0,609.0,285.0,93.0,1101.0,127.0,0
1336.0,495.0,609.0,285.0,93.0,1101.0,127.0,0
1336.0,495.0,609.0,285.0,93.0,1101.0,127.0,0
1336.0,495.0,609.0,285.0,93.0,1101.0,127.0,0
1336.0,495.0,609.0,285.0,93.0,1101.0,127.0,0
748.0,185.0,268.0,206.0,38.0,650.0,48.0,0
748.0,185.0,268.0,206.0,38.0,650.0,48.0,0
748.0,185.0,268.0,206.0,38.0,650.0,48.0,0
748.0,185.0,268.0,206.0,38.0,650.0,48.0,0
748.0,185.0,268.0,206.0,38.0,650.0,48.0,0
1336.0,495.0,609.0,285.0,93.0,1101.0,127.0,0
1336.0,495.0,609.0,285.0,93.0,1101.0,127.0,0
1336.0,495.0,609.0,285.0,93.0,1101.0,127.0,0
1336.0,495.0,609.0,285.0,93.0,1101.0,127.0,0
1336.0,495.0,609.0,285.0,93.0,1101.0,127.0,0
1336.0,495.0,609.0,285.0,93.0,1101.0,127.0,0
1336.0,495.0,609.0,285.0,93.0,1101.0,127.0,0
1336.0,495.0,609.0,285.0,93.0,1101.0,127.0,0
1336.0,495.0,609.0,285.0,93.0,1101.0,127.0,0
1336.0,495.0,609.0,285.0,93.0,1101.0,127.0,0
1336.0,495.0,609.0,285.0,93.0,1101.0,127.0,0
1336.0,495.0,609.0,285.0,93.0,1101.0,127.0,0
1336.0,495.0,609.0,285.0,93.0,1101.0,127.0,0
1336.0,495.0,609.0,285.0,93.0,1101.0,127.0,0
1336.0,495.0,609.0,285.0,93.0,1101.0,127.0,0
1314.0,382.0,569.0,236.0,110.0,1133.0,85.0,0
1215.0,387.0,480.0,270.0,97.0,1051.0,92.0,0
1336.0,495.0,609.0,285.0,93.0,1101.0,127.0,0
1148.0,413.0,462.0,244.0,60.0,928.0,103.0,0
1336.0,495.0,609.0,285.0,93.0,1101.0,127.0,0
1336.0,495.0,609.0,285.0,93.0,1101.0,127.0,0
1336.0,495.0,609.0,285.0,93.0,1101.0,127.0,0
1336.0,495.0,609.0,285.0,93.0,1101.0,127.0,0
1336.0,495.0,609.0,285.0,93.0,1101.0,127.0,0
1365.0,507.0,552.0,278.0,74.0,1101.0,149.0,0
1365.0,507.0,552.0,278.0,74.0,1101.0,149.0,0
1365.0,507.0,552.0,278.0,74.0,1101.0,149.0,0
1365.0,507.0,552.0,278.0,74.0,1101.0,149.0,0
1148.0,413.0,462.0,244.0,60.0,928.0,103.0,0
1148.0,413.0,462.0,244.0,60.0,928.0,103.0,0
1148.0,413.0,462.0,244.0,60.0,928.0,103.0,0
1148.0,413.0,462.0,244.0,60.0,928.0,103.0,0
1148.0,413.0,462.0,244.0,60.0,928.0,103.0,0
1148.0,413.0,462.0,244.0,60.0,928.0,103.0,0
1148.0,413.0,462.0,244.0,60.0,928.0,103.0,0
1148.0,413.0,462.0,244.0,60.0,928.0,103.0,0
1365.0,507.0,552.0,278.0,74.0,1101.0,149.0,0
1365.0,507.0,552.0,278.0,74.0,1101.0,149.0,0
1365.0,507.0,552.0,278.0,74.0,1101.0,149.0,0
1148.0,413.0,462.0,244.0,60.0,928.0,103.0,0
1148.0,413.0,462.0,244.0,60.0,928.0,103.0,0
1148.0,413.0,462.0,244.0,60.0,928.0,103.0,0
1148.0,413.0,462.0,244.0,60.0,928.0,103.0,0
1148.0,413.0,462.0,244.0,60.0,928.0,103.0,0
1365.0,507.0,552.0,278.0,74.0,1101.0,149.0,0
1336.0,495.0,609.0,285.0,93.0,1101.0,127.0,0
1336.0,495.0,609.0,285.0,93.0,1101.0,127.0,0
1365.0,507.0,552.0,278.0,74.0,1101.0,149.0,0
1365.0,507.0,552.0,278.0,74.0,1101.0,149.0,0
1365.0,507.0,552.0,278.0,74.0,1101.0,149.0,0
1365.0,507.0,552.0,278.0,74.0,1101.0,149.0,0
1314.0,382.0,569.0,236.0,110.0,1133.0,85.0,0
1314.0,382.0,569.0,236.0,110.0,1133.0,85.0,0
1314.0,382.0,569.0,236.0,110.0,1133.0,85.0,0
1314.0,382.0,569.0,236.0,110.0,1133.0,85.0,0
1314.0,382.0,569.0,236.0,110.0,1133.0,85.0,0
1314.0,382.0,569.0,236.0,110.0,1133.0,85.0,0
1314.0,382.0,569.0,236.0,110.0,1133.0,85.0,0
1314.0,382.0,569.0,236.0,110.0,1133.0,85.0,0
1314.0,382.0,569.0,236.0,110.0,1133.0,85.0,0
1314.0,382.0,569.0,236.0,110.0,1133.0,85.0,0
1314.0,382.0,569.0,236.0,110.0,1133.0,85.0,0
1314.0,382.0,569.0,236.0,110.0,1133.0,85.0,0
1314.0,382.0,569.0,236.0,110.0,1133.0,85.0,0
1314.0,382.0,569.0,236.0,110.0,1133.0,85.0,0
1314.0,382.0,569.0,236.0,110.0,1133.0,85.0,0
668.0,212.0,88.0,88.0,26.0,562.0,62.0,0
848.0,190.0,124.0,180.0,50.0,766.0,40.0,0
5.0,0.0,4.0,0.0,0.0,3.0,2.0,0
5.0,0.0,4.0,0.0,0.0,3.0,2.0,0
5.0,0.0,4.0,0.0,0.0,3.0,2.0,0
1179.0,213.0,95.0,138.0,71.0,1106.0,41.0,0
1179.0,213.0,95.0,138.0,71.0,1106.0,41.0,0
1179.0,213.0,95.0,138.0,71.0,1106.0,41.0,0
1179.0,213.0,95.0,138.0,71.0,1106.0,41.0,0
1179.0,213.0,95.0,138.0,71.0,1106.0,41.0,0
1179.0,213.0,95.0,138.0,71.0,1106.0,41.0,0
1179.0,213.0,95.0,138.0,71.0,1106.0,41.0,0
1179.0,213.0,95.0,138.0,71.0,1106.0,41.0,0
1179.0,213.0,95.0,138.0,71.0,1106.0,41.0,0
1179.0,213.0,95.0,138.0,71.0,1106.0,41.0,0
1179.0,213.0,95.0,138.0,71.0,1106.0,41.0,0
1179.0,213.0,95.0,138.0,71.0,1106.0,41.0,0
1179.0,213.0,95.0,138.0,71.0,1106.0,41.0,0
848.0,190.0,124.0,180.0,50.0,766.0,40.0,0
848.0,190.0,124.0,180.0,50.0,766.0,40.0,0
741.0,116.0,120.0,188.0,46.0,699.0,24.0,0
848.0,190.0,124.0,180.0,50.0,766.0,40.0,0
848.0,190.0,124.0,180.0,50.0,766.0,40.0,0
848.0,190.0,124.0,180.0,50.0,766.0,40.0,0
848.0,190.0,124.0,180.0,50.0,766.0,40.0,0
921.0,177.0,99.0,188.0,51.0,856.0,33.0,0
741.0,116.0,120.0,188.0,46.0,699.0,24.0,0
741.0,116.0,120.0,188.0,46.0,699.0,24.0,0
848.0,190.0,124.0,180.0,50.0,766.0,40.0,0
741.0,116.0,120.0,188.0,46.0,699.0,24.0,0
1365.0,507.0,552.0,278.0,74.0,1101.0,149.0,0
921.0,177.0,99.0,188.0,51.0,856.0,33.0,0
848.0,190.0,124.0,180.0,50.0,766.0,40.0,0
668.0,212.0,88.0,88.0,26.0,562.0,62.0,0
848.0,190.0,124.0,180.0,50.0,766.0,40.0,0
668.0,212.0,88.0,88.0,26.0,562.0,62.0,0
741.0,116.0,120.0,188.0,46.0,699.0,24.0,0
921.0,177.0,99.0,188.0,51.0,856.0,33.0,0
848.0,190.0,124.0,180.0,50.0,766.0,40.0,0
848.0,190.0,124.0,180.0,50.0,766.0,40.0,0
741.0,116.0,120.0,188.0,46.0,699.0,24.0,0
848.0,190.0,124.0,180.0,50.0,766.0,40.0,0
1365.0,507.0,552.0,278.0,74.0,1101.0,149.0,0
1365.0,507.0,552.0,278.0,74.0,1101.0,149.0,0
1365.0,507.0,552.0,278.0,74.0,1101.0,149.0,0
1365.0,507.0,552.0,278.0,74.0,1101.0,149.0,0
1365.0,507.0,552.0,278.0,74.0,1101.0,149.0,0
1365.0,507.0,552.0,278.0,74.0,1101.0,149.0,0
1365.0,507.0,552.0,278.0,74.0,1101.0,149.0,0
1365.0,507.0,552.0,278.0,74.0,1101.0,149.0,0
1016.0,184.0,141.0,261.0,50.0,945.0,38.0,0
1016.0,184.0,141.0,261.0,50.0,945.0,38.0,0
1016.0,184.0,141.0,261.0,50.0,945.0,38.0,0
612.0,125.0,111.0,172.0,28.0,553.0,27.0,0
612.0,125.0,111.0,172.0,28.0,553.0,27.0,0
511.0,86.0,64.0,109.0,13.0,476.0,14.0,0
340.0,31.0,26.0,63.0,19.0,323.0,8.0,0
612.0,125.0,111.0,172.0,28.0,553.0,27.0,0
340.0,31.0,26.0,63.0,19.0,323.0,8.0,0
340.0,31.0,26.0,63.0,19.0,323.0,8.0,0
5.0,0.0,4.0,0.0,0.0,3.0,2.0,0
5.0,0.0,4.0,0.0,0.0,3.0,2.0,0
5.0,0.0,4.0,0.0,0.0,3.0,2.0,0
745.0,213.0,317.0,201.0,20.0,626.0,58.0,0
